"date","close","volume","open","high","low"
"16:00","30.16","18,357,507","30.59","31.80","28"
"2020/03/30","30.1600","18386440.0000","30.6900","31.8000","28.0000"
"2020/03/27","32.8400","18379570.0000","35.0200","35.2000","32.0300"
"2020/03/26","35.5500","29647800.0000","38.3800","39.7800","34.5300"
"2020/03/25","36.6000","32988800.0000","38.0000","39.4700","33.2900"
"2020/03/24","33.0000","31502490.0000","31.9900","34.1500","30.0100"
"2020/03/23","26.2500","25585770.0000","25.9700","26.6000","23.3700"
"2020/03/20","24.5000","37407970.0000","23.3700","30.7400","22.2000"
"2020/03/19","21.2800","31611170.0000","21.3400","23.9900","18.0900"
"2020/03/18","21.3800","35372670.0000","28.8100","28.9700","17.8000"
"2020/03/17","30.6700","21078870.0000","36.4900","38.1400","30.0500"
"2020/03/16","35.4700","28259540.0000","34.3400","39.3700","30.3800"
"2020/03/13","41.6400","24135260.0000","41.3300","42.4900","34.0000"
"2020/03/12","37.0800","19423640.0000","42.7700","44.3100","37.0100"
"2020/03/11","49.3400","10917060.0000","50.5300","51.2300","48.0500"
"2020/03/10","52.5600","15642910.0000","51.0000","54.3300","46.6200"
"2020/03/09","46.7800","12307560.0000","49.5850","50.9900","45.9150"
"2020/03/06","52.1000","16492240.0000","48.6100","56.0000","48.2601"
"2020/03/05","51.5900","13974730.0000","57.1100","57.1600","50.9300"
"2020/03/04","59.4700","10671200.0000","59.5100","59.7400","56.3150"
"2020/03/03","58.2900","9208799.0000","63.1400","63.5300","57.9600"
"2020/03/02","61.2600","13015180.0000","61.1300","61.2700","57.0425"
"2020/02/28","61.5900","9957999.0000","62.8500","64.8799","60.8250"
"2020/02/27","64.9400","10257090.0000","62.9000","69.0200","61.2000"
"2020/02/26","66.5300","9372177.0000","71.7500","71.9100","65.8900"
"2020/02/25","70.5700","8076210.0000","75.7600","76.1800","70.3200"
"2020/02/24","75.4700","6332868.0000","75.0800","76.0200","73.6500"
"2020/02/21","78.0100","4545057.0000","79.4000","79.4000","77.3200"
"2020/02/20","79.9100","2893884.0000","79.3000","81.6700","79.3000"
"2020/02/19","79.4200","3350290.0000","80.9400","80.9400","79.1900"
"2020/02/18","80.2400","4183723.0000","79.0000","80.6250","78.6500"
"2020/02/14","79.5500","3119656.0000","81.0200","81.4400","79.4000"
"2020/02/13","80.9900","2998888.0000","81.0000","81.7400","80.3700"
"2020/02/12","82.2000","2907099.0000","81.0800","82.6000","81.0000"
"2020/02/11","80.5300","2763727.0000","80.0200","81.4500","79.9450"
"2020/02/10","79.4700","3492868.0000","78.9500","79.6100","77.7800"
"2020/02/07","79.4800","3129720.0000","80.0000","80.2400","78.6500"
"2020/02/06","80.5000","5218811.0000","82.4000","82.7211","79.7900"
"2020/02/05","81.8500","6993789.0000","80.7600","82.3600","80.0500"
"2020/02/04","78.8900","6423869.0000","76.6400","79.5300","76.5000"
"2020/02/03","74.9100","3951366.0000","75.4900","77.1199","74.8800"
"2020/01/31","74.8000","5196562.0000","77.1700","77.2900","74.5200"
"2020/01/30","77.7500","5900393.0000","74.6600","77.9800","74.4400"
"2020/01/29","75.2100","5512397.0000","77.4000","77.4899","75.0100"
"2020/01/28","77.0500","7575578.0000","78.2500","78.4750","77.0000"
"2020/01/27","77.6300","8671260.0000","78.0000","78.4600","76.5500"
"2020/01/24","81.9000","6869764.0000","84.3100","84.7300","80.2800"
"2020/01/23","84.8800","6194380.0000","83.0000","85.1700","81.0600"
"2020/01/22","83.3400","8453244.0000","86.7500","87.5650","83.1500"
"2020/01/21","85.7900","9546684.0000","87.8800","88.0000","84.5700"
"2020/01/17","89.7000","4221217.0000","89.8000","90.1000","88.9600"
"2020/01/16","89.5400","2427506.0000","88.7900","89.7150","88.7800"
"2020/01/15","88.2900","1878934.0000","87.6100","88.8000","87.2500"
"2020/01/14","87.8500","3243640.0000","88.1700","89.6400","87.7100"
"2020/01/13","86.8900","2707860.0000","87.3100","87.6700","86.7000"
"2020/01/10","87.3100","2035663.0000","88.0400","88.2600","86.9700"
"2020/01/09","87.9500","2252191.0000","87.7200","88.7200","87.5000"
"2020/01/08","87.3000","4153259.0000","86.9000","88.4500","86.3000"
"2020/01/07","86.7700","2594744.0000","87.4100","88.1600","86.7400"
"2020/01/06","87.7000","2652773.0000","86.7200","88.0700","86.6500"
"2020/01/03","87.9000","3562918.0000","86.8000","88.1600","86.2600"
"2020/01/02","89.7400","2671623.0000","89.5700","90.5700","89.1050"
"2019/12/31","88.0900","2073700.0000","87.7100","88.4600","87.7100"
"2019/12/30","87.9600","1799897.0000","88.5100","88.8599","87.5100"
"2019/12/27","88.3700","1402073.0000","89.3100","89.3890","88.0100"
"2019/12/26","89.2600","1041642.0000","89.3000","89.7150","88.8000"
"2019/12/24","89.1500","771149.0000","89.4600","89.6300","88.6600"
"2019/12/23","89.4400","1906056.0000","89.7200","90.1000","89.2800"
"2019/12/20","89.2800","3026482.0000","89.3700","89.9000","89.0500"
"2019/12/19","89.2200","2172531.0000","89.2800","89.7800","89.0501"
"2019/12/18","88.8400","1876903.0000","89.5000","89.9800","88.3600"
"2019/12/17","89.3600","2218406.0000","88.5700","89.9900","88.3501"
"2019/12/16","88.6300","2090200.0000","87.9500","89.4600","87.9500"
"2019/12/13","87.5800","1972842.0000","88.2000","89.4300","87.4200"
"2019/12/12","88.4700","2903831.0000","87.7000","89.9000","87.3200"
"2019/12/11","87.0200","2418182.0000","86.4700","87.1500","86.0800"
"2019/12/10","86.5100","1994909.0000","87.5800","87.9200","86.3600"
"2019/12/09","87.6100","2235201.0000","88.4900","88.5800","87.3000"
"2019/12/06","88.5800","1485328.0000","88.7900","89.5000","88.5500"
"2019/12/05","87.8600","1959655.0000","89.1000","89.3300","87.6000"
"2019/12/04","88.1700","2072411.0000","89.1600","89.8100","88.1300"
"2019/12/03","88.8700","3393153.0000","90.6000","90.7750","88.5000"
"2019/12/02","91.6300","1941963.0000","93.0000","93.6200","91.4400"
"2019/11/29","92.8000","905807.0000","92.8000","93.4900","92.5100"
"2019/11/27","93.0500","1602154.0000","93.0600","93.6700","92.7700"
"2019/11/26","92.7600","2043490.0000","92.4800","92.9200","92.0200"
"2019/11/25","92.5200","1941650.0000","92.1100","93.1300","91.5500"
"2019/11/22","91.7800","1440399.0000","91.1000","91.9400","90.9400"
"2019/11/21","90.9700","1630935.0000","91.8800","92.1100","90.7700"
"2019/11/20","91.7000","3133884.0000","92.7500","93.4600","90.8500"
"2019/11/19","93.2900","1606663.0000","93.1300","93.7200","92.4200"
"2019/11/18","92.7700","1808656.0000","92.4500","92.7900","91.4500"
"2019/11/15","92.5100","1552721.0000","93.0000","93.5000","92.3200"
"2019/11/14","92.5200","1051767.0000","92.7500","92.9500","91.9000"
"2019/11/13","92.4200","1863345.0000","92.6200","92.9800","92.0400"
"2019/11/12","92.7200","1543614.0000","93.4400","93.8800","92.6600"
"2019/11/11","93.5300","1127088.0000","92.8500","93.8200","92.6700"
"2019/11/08","93.4400","914941.0000","93.8100","93.8600","92.6050"
"2019/11/07","93.8000","3014104.0000","94.0000","95.1600","93.5600"
"2019/11/06","93.3400","1179340.0000","93.4200","93.6000","92.5800"
"2019/11/05","93.1200","2623950.0000","92.6300","93.6200","92.4600"
"2019/11/04","92.3900","1905931.0000","92.3100","92.9600","92.0300"
"2019/11/01","91.6500","2248324.0000","91.6500","92.5200","91.2900"
"2019/10/31","90.8400","1997503.0000","91.1200","91.4000","90.4100"
"2019/10/30","91.6700","1694758.0000","91.0500","91.8900","90.4100"
"2019/10/29","91.0300","1552535.0000","91.8800","92.3800","90.9000"
"2019/10/28","92.1900","1841018.0000","91.8300","92.8000","91.7800"
"2019/10/25","91.6400","2218463.0000","89.6800","91.8400","89.6700"
"2019/10/24","89.8100","2294969.0000","90.5900","91.5100","89.2200"
"2019/10/23","89.9000","1644482.0000","89.6500","90.1700","88.9500"
"2019/10/22","89.7100","2033340.0000","90.6800","91.0500","89.6200"
"2019/10/21","90.7800","2066314.0000","90.4900","91.5000","90.4900"
"2019/10/18","90.0850","2722683.0000","89.4300","90.7550","89.3300"
"2019/10/17","89.4600","2493214.0000","90.2000","90.4068","88.9300"
"2019/10/16","89.7000","6805187.0000","89.3500","90.8400","88.2200"
"2019/10/15","87.8800","4746893.0000","87.2800","88.6600","86.6800"
"2019/10/14","86.9700","3457479.0000","87.1100","87.1500","86.2400"
"2019/10/11","87.1500","2461176.0000","88.5200","89.1300","87.1200"
"2019/10/10","87.3400","2830522.0000","85.3900","87.7600","84.7300"
"2019/10/09","86.4600","3163430.0000","85.7400","87.5100","85.7300"
"2019/10/08","84.6900","2575541.0000","84.2500","86.1200","83.9000"
"2019/10/07","84.8500","2124385.0000","83.6100","85.2600","83.6100"
"2019/10/04","84.2900","1957962.0000","83.5300","84.4700","83.1200"
"2019/10/03","83.2700","2768483.0000","83.6100","83.6100","80.8700"
"2019/10/02","83.6900","4346907.0000","86.0000","86.8500","82.0552"
"2019/10/01","87.8400","2429757.0000","89.1500","90.1900","87.2300"
"2019/09/30","88.4100","1959398.0000","88.4000","88.9800","87.9100"
"2019/09/27","88.1400","1668260.0000","88.8500","90.3000","87.8200"
"2019/09/26","88.4500","1306010.0000","89.3800","89.5500","87.7700"
"2019/09/25","89.1700","1744522.0000","88.2400","89.8800","88.2400"
"2019/09/24","88.3000","1563720.0000","88.9700","89.2000","87.5100"
"2019/09/23","88.2100","3178752.0000","88.6200","88.8800","87.4200"
"2019/09/20","89.0900","2764305.0000","89.4700","90.0507","88.9200"
"2019/09/19","89.4200","2367602.0000","90.3500","90.6200","89.1800"
"2019/09/18","90.2300","2174822.0000","89.7000","90.2900","88.9400"
"2019/09/17","89.9800","3635129.0000","89.3800","91.2600","88.7900"
"2019/09/16","88.7600","3438150.0000","88.3000","90.1273","88.1700"
"2019/09/13","91.3500","3000707.0000","90.4100","91.8400","89.7500"
"2019/09/12","89.3800","2724658.0000","88.6800","89.8300","88.5500"
"2019/09/11","88.3800","2431520.0000","87.6200","88.8700","87.1700"
"2019/09/10","87.5600","1711943.0000","87.2000","87.7850","86.6050"
"2019/09/09","87.3300","2123125.0000","86.4900","87.7300","85.9100"
"2019/09/06","86.3000","2345125.0000","86.3700","87.4400","86.2000"
"2019/09/05","85.8400","2968888.0000","84.6900","86.8700","84.6900"
"2019/09/04","83.9100","2739635.0000","83.0000","84.8600","83.0000"
"2019/09/03","83.1500","2350081.0000","83.6400","83.7600","82.2500"
"2019/08/30","84.3100","1929469.0000","85.2000","85.6800","84.0900"
"2019/08/29","84.6900","4085102.0000","83.2300","85.1300","83.2300"
"2019/08/28","82.4500","2299537.0000","81.5200","82.9900","81.1700"
"2019/08/27","81.9400","2213751.0000","84.2800","84.7050","81.7500"
"2019/08/26","83.5800","1851387.0000","83.4200","83.6300","82.4500"
"2019/08/23","82.5300","3674673.0000","85.0600","85.6500","82.2200"
"2019/08/22","85.5600","1310135.0000","85.3000","85.8700","84.6900"
"2019/08/21","85.2900","1672641.0000","84.6700","85.6700","84.6260"
"2019/08/20","84.0300","1495009.0000","83.6500","84.4300","83.2100"
"2019/08/19","83.8900","2268781.0000","84.0200","84.9300","83.8050"
"2019/08/16","82.9400","2294252.0000","82.2500","83.3100","81.8400"
"2019/08/15","81.6200","3236384.0000","82.0400","82.2300","80.8280"
"2019/08/14","81.9500","3250818.0000","83.0500","83.5800","80.7800"
"2019/08/13","84.5600","2669290.0000","84.1500","86.2800","83.5250"
"2019/08/12","84.7100","2185046.0000","86.2400","86.2400","83.9500"
"2019/08/09","86.9800","2078719.0000","87.4600","87.8300","86.1000"
"2019/08/08","87.6300","1419870.0000","86.7100","87.9800","86.5900"
"2019/08/07","86.4800","2380052.0000","84.7200","86.9600","84.0300"
"2019/08/06","85.4600","2369853.0000","85.9100","86.5722","84.9700"
"2019/08/05","85.5900","3721837.0000","88.8800","88.8800","84.8000"
"2019/08/02","89.4300","2281848.0000","90.0100","90.2450","88.8300"
"2019/08/01","90.4900","2518736.0000","92.0300","93.0400","89.7300"
"2019/07/31","91.9100","2125262.0000","93.5600","93.8200","91.4800"
"2019/07/30","93.9300","1717369.0000","92.8300","93.9700","92.4800"
"2019/07/29","93.4400","1957136.0000","93.4400","94.0500","93.1300"
"2019/07/26","93.3600","1684835.0000","94.0200","94.4400","93.2300"
"2019/07/25","93.9300","3196204.0000","94.1900","95.1100","92.9600"
"2019/07/24","95.1100","2344366.0000","94.9100","95.4550","94.2400"
"2019/07/23","94.9300","2105228.0000","94.1400","94.9800","93.7500"
"2019/07/22","93.8300","2305149.0000","94.0700","95.0600","93.7700"
"2019/07/19","93.8300","3361100.0000","95.3800","96.0300","93.5400"
"2019/07/18","95.2800","3300545.0000","94.3200","95.4800","93.8800"
"2019/07/17","94.7800","6019468.0000","94.0300","95.2460","92.3400"
"2019/07/16","93.9200","4706092.0000","91.8100","94.4999","91.8000"
"2019/07/15","91.3200","2388252.0000","91.6000","92.4300","91.1500"
"2019/07/12","91.2300","2895023.0000","89.7000","91.5200","89.6250"
"2019/07/11","89.4800","2262280.0000","89.5100","90.6000","89.0000"
"2019/07/10","89.5100","2395319.0000","90.3100","91.0700","88.9200"
"2019/07/09","89.4600","3912846.0000","90.3800","90.9300","89.2100"
"2019/07/08","90.6700","2514955.0000","90.1600","91.4800","90.1000"
"2019/07/05","90.5900","3227673.0000","90.3900","90.9500","89.0700"
"2019/07/03","90.6700","1647124.0000","89.1400","91.0800","89.1400"
"2019/07/02","88.8700","2237183.0000","89.2100","90.0000","87.9500"
"2019/07/01","88.4500","4017249.0000","88.8400","89.7200","87.7700"
"2019/06/28","87.5500","3025379.0000","86.6600","87.7400","86.6600"
"2019/06/27","86.4300","1394847.0000","85.6500","86.8600","85.1300"
"2019/06/26","85.3300","2034693.0000","85.3800","85.8100","84.7500"
"2019/06/25","85.0600","2481284.0000","86.6300","87.2300","84.8100"
"2019/06/24","86.5500","1507828.0000","86.7800","87.1100","86.0550"
"2019/06/21","86.7200","2461939.0000","86.3100","88.1600","86.3100"
"2019/06/20","87.1400","3261860.0000","89.3200","89.4100","85.8900"
"2019/06/19","88.6600","2091617.0000","87.7600","88.8800","87.1400"
"2019/06/18","87.4000","1694109.0000","87.4200","88.6600","87.1050"
"2019/06/17","86.7700","1820598.0000","87.2700","87.5600","86.3100"
"2019/06/14","87.1200","1652511.0000","87.0700","87.9100","86.0100"
"2019/06/13","87.1100","3864970.0000","84.0500","87.7400","84.0500"
"2019/06/12","83.7900","1999992.0000","82.8600","84.2900","82.8400"
"2019/06/11","82.7700","1894357.0000","83.3400","83.7800","82.0700"
"2019/06/10","82.6700","1697764.0000","83.6200","84.5397","82.5700"
"2019/06/07","83.2700","1475833.0000","83.0900","84.8500","83.0900"
"2019/06/06","82.9600","2390326.0000","83.1400","84.0100","81.9297"
"2019/06/05","81.8500","2002536.0000","80.9400","81.9800","80.4900"
"2019/06/04","80.5200","3026503.0000","78.8600","80.6700","78.5500"
"2019/06/03","77.7200","2065458.0000","77.3800","78.7300","77.3500"
"2019/05/31","77.6500","3554131.0000","78.5200","79.5200","77.4000"
"2019/05/30","79.4700","1528867.0000","79.2900","80.4000","79.0400"
"2019/05/29","79.2500","3133154.0000","79.5000","79.5301","78.1000"
"2019/05/28","79.8100","2242085.0000","80.5000","80.7900","79.6600"
"2019/05/24","80.7900","2266313.0000","81.2500","81.7500","80.4700"
"2019/05/23","80.9100","2231069.0000","81.3000","81.9600","79.7700"
"2019/05/22","81.8800","1505934.0000","82.4000","83.0000","81.7000"
"2019/05/21","82.9700","2162609.0000","82.5000","83.3650","82.4237"
"2019/05/20","81.7400","2355552.0000","81.3900","82.4800","81.0000"
"2019/05/17","81.5000","2857897.0000","82.1300","82.4700","81.2300"
"2019/05/16","82.5800","1803357.0000","82.4200","83.6500","82.0500"
"2019/05/15","82.3500","2371011.0000","82.4000","83.2650","81.3300"
"2019/05/14","83.4500","1928510.0000","82.2600","83.7700","81.9300"
"2019/05/13","82.0700","3908145.0000","83.0300","83.1900","81.4400"
"2019/05/10","84.7900","2841876.0000","83.5000","85.1900","80.9900"
"2019/05/09","84.1200","2329400.0000","83.8400","84.1500","81.8100"
"2019/05/08","84.6400","1900461.0000","85.2500","86.0900","84.2450"
"2019/05/07","85.6800","2400047.0000","86.7500","86.7600","84.6200"
"2019/05/06","87.7900","1620399.0000","87.1400","88.0300","86.5200"
"2019/05/03","88.5000","1164969.0000","88.5000","89.0600","88.2700"
"2019/05/02","88.3100","1868571.0000","88.0600","89.2900","88.0100"
"2019/05/01","87.9400","2239578.0000","89.0600","89.7100","87.7800"
"2019/04/30","88.8600","2688182.0000","89.6600","90.1600","88.6400"
"2019/04/29","89.6100","2561856.0000","88.0200","89.8800","88.0200"
"2019/04/26","87.9400","1544867.0000","86.5600","88.4300","86.4900"
"2019/04/25","86.8600","2151834.0000","87.5700","89.1500","86.6700"
"2019/04/24","88.0300","2041270.0000","88.1000","88.9580","87.6100"
"2019/04/23","87.9700","2220782.0000","87.4900","88.5000","87.2600"
"2019/04/22","87.5600","2060637.0000","87.7700","88.5500","87.1500"
"2019/04/18","88.2800","3391016.0000","89.6700","89.8100","87.4600"
"2019/04/17","89.2400","6419516.0000","87.9400","89.7300","87.2850"
"2019/04/16","85.1700","3723242.0000","84.8100","85.6700","84.3900"
"2019/04/15","84.5200","2246409.0000","85.3100","85.4300","84.0800"
"2019/04/12","85.4900","4507329.0000","86.1900","86.5000","85.3000"
"2019/04/11","85.7500","2570204.0000","84.5600","86.4200","84.5600"
"2019/04/10","84.5200","3539454.0000","85.3300","85.5500","83.6100"
"2019/04/09","84.2500","2016477.0000","84.0900","84.6400","83.4550"
"2019/04/08","84.5800","1853037.0000","84.6000","85.1200","83.8000"
"2019/04/05","84.9100","3018089.0000","84.9500","85.7500","84.5200"
"2019/04/04","84.6400","1748396.0000","84.5100","85.2700","83.5400"
"2019/04/03","84.2000","4046961.0000","83.2500","84.9200","83.1000"
"2019/04/02","82.7700","3781034.0000","83.1900","85.1000","82.3400"
"2019/04/01","80.8700","2524897.0000","80.2100","81.6900","79.5600"
"2019/03/29","79.7800","2449397.0000","79.0500","80.0500","78.5850"
"2019/03/28","78.6000","1563094.0000","78.9900","79.2900","77.7800"
"2019/03/27","78.5300","2368232.0000","77.5400","79.5700","77.5000"
"2019/03/26","77.4900","3061180.0000","78.4600","78.8200","77.0200"
"2019/03/25","78.1200","4721849.0000","79.6800","80.0100","78.0900"
"2019/03/22","79.6300","3145611.0000","80.6400","80.7700","78.7500"
"2019/03/21","81.0000","2330211.0000","80.2900","81.4600","79.6900"
"2019/03/20","79.8300","4509342.0000","81.1800","81.4000","79.7900"
"2019/03/19","81.3400","2331806.0000","80.9300","81.8650","80.7450"
"2019/03/18","80.7300","2780180.0000","81.3900","81.7400","80.5000"
"2019/03/15","81.6900","4860337.0000","81.7600","82.4800","81.3800"
"2019/03/14","81.4900","1815213.0000","81.2000","82.0600","81.0900"
"2019/03/13","81.2100","3445372.0000","80.5000","81.4000","79.8800"
"2019/03/12","79.8500","5992881.0000","82.6700","82.9100","79.5900"
"2019/03/11","82.3800","5038113.0000","81.9400","82.5300","81.7400"
"2019/03/08","82.4000","2316209.0000","81.9900","82.9000","81.6200"
"2019/03/07","82.6100","4554755.0000","83.9800","84.2000","81.9500"
"2019/03/06","84.3300","2534778.0000","84.8900","85.6800","84.2650"
"2019/03/05","85.0500","2779494.0000","84.6400","85.7200","83.8200"
"2019/03/04","84.3100","4073497.0000","87.1000","87.2400","83.2700"
"2019/03/01","86.9200","3699441.0000","88.4600","88.6200","85.3700"
"2019/02/28","87.8100","1966375.0000","87.9000","88.7000","87.2200"
"2019/02/27","87.6000","2459476.0000","88.9200","89.2600","86.8400"
"2019/02/26","89.5300","3845223.0000","89.5700","90.9300","89.0400"
"2019/02/25","89.5800","1573382.0000","90.0500","90.6000","89.3800"
"2019/02/22","89.4300","1907562.0000","88.9400","89.6500","88.6500"
"2019/02/21","88.8400","1957929.0000","88.3700","89.4500","88.2500"
"2019/02/20","88.5000","2656784.0000","88.2800","89.2400","87.2900"
"2019/02/19","89.2400","2224227.0000","87.8700","89.8200","87.8200"
"2019/02/15","88.3100","2229697.0000","89.3500","89.3500","88.1100"
"2019/02/14","88.1500","1482559.0000","88.2700","88.7400","87.5000"
"2019/02/13","88.5800","3676041.0000","88.2800","88.9000","87.9400"
"2019/02/12","87.9700","2791361.0000","89.8900","90.2699","87.8800"
"2019/02/11","89.1500","2347118.0000","88.8600","89.4500","88.1700"
"2019/02/08","88.1700","2151792.0000","87.3400","88.1900","86.6600"
"2019/02/07","87.8600","3116784.0000","89.3300","89.8400","87.6700"
"2019/02/06","89.7500","2144490.0000","89.1400","89.8800","88.4100"
"2019/02/05","89.4600","2793537.0000","88.7200","89.8200","88.6200"
"2019/02/04","88.6200","2376692.0000","87.4700","88.6300","87.2800"
"2019/02/01","87.4900","1797238.0000","87.2100","88.5700","87.1700"
"2019/01/31","87.2700","3418981.0000","87.5600","88.1500","86.7850"
"2019/01/30","87.4700","2348558.0000","85.9000","87.9650","85.5450"
"2019/01/29","85.6700","2265104.0000","84.7000","85.7600","84.6000"
"2019/01/28","84.6000","2754381.0000","83.1700","85.2000","83.1000"
"2019/01/25","84.1400","4745121.0000","84.7000","85.1700","83.5500"
"2019/01/24","84.0300","4704666.0000","84.5000","85.6900","83.7150"
"2019/01/23","82.8800","3916282.0000","83.7000","84.9593","82.6300"
"2019/01/22","83.3400","3320684.0000","85.3700","85.4100","82.8900"
"2019/01/18","85.5900","3789877.0000","87.1400","87.1900","85.5500"
"2019/01/17","86.7400","3569252.0000","86.6500","87.2600","85.5300"
"2019/01/16","86.3600","10825940.0000","86.8500","87.7500","85.5600"
"2019/01/15","81.2000","5803550.0000","80.5900","82.1000","80.0024"
"2019/01/14","79.9100","3941363.0000","79.2800","80.3900","78.6800"
"2019/01/11","80.0700","4213067.0000","80.6800","80.9700","79.2300"
"2019/01/10","81.3700","7368072.0000","80.7300","81.7900","77.3900"
"2019/01/09","83.7600","5297455.0000","81.2300","83.9200","81.2300"
"2019/01/08","82.3800","3841929.0000","83.3000","84.6200","81.8900"
"2019/01/07","83.2300","2612335.0000","82.5700","83.9200","81.4500"
"2019/01/04","82.6800","3757991.0000","80.8800","83.9500","80.7700"
"2019/01/03","80.0000","6426190.0000","83.2600","83.2600","78.3800"
"2019/01/02","84.1800","2973381.0000","81.6900","84.2900","81.4100"
"2018/12/31","83.7300","2663686.0000","83.7400","84.6100","82.9200"
"2018/12/28","83.1700","2254042.0000","83.5400","84.7400","82.6300"
"2018/12/27","83.0400","4116886.0000","82.8200","83.5093","79.4400"
"2018/12/26","83.8000","5238488.0000","79.8500","83.9800","79.8500"
"2018/12/24","79.1200","3338602.0000","80.9100","81.2600","79.0500"
"2018/12/21","81.4700","10678190.0000","84.0400","85.5000","81.2500"
"2018/12/20","84.4100","3825433.0000","86.2800","86.8900","83.2600"
"2018/12/19","86.3700","2507233.0000","87.7800","88.6900","85.3900"
"2018/12/18","87.8000","3238678.0000","87.1700","88.8800","87.1700"
"2018/12/17","86.2100","3976783.0000","87.8800","88.1500","85.9200"
"2018/12/14","87.7400","2671779.0000","86.5800","89.8500","86.5800"
"2018/12/13","87.4800","3636677.0000","89.6300","90.1500","86.2300"
"2018/12/12","89.6300","2550315.0000","88.9200","90.2950","88.3500"
"2018/12/11","88.1400","4131953.0000","89.4900","89.6500","87.5300"
"2018/12/10","88.5500","3089003.0000","88.0500","89.8700","87.0700"
"2018/12/07","88.2300","4979434.0000","92.2400","92.6500","87.6100"
"2018/12/06","93.0300","3751070.0000","90.9400","93.2300","90.1685"
"2018/12/04","91.9400","5543464.0000","95.0300","95.5300","90.5400"
"2018/12/03","96.4600","2666465.0000","97.6700","97.8500","95.9600"
"2018/11/30","96.7000","4033563.0000","94.9000","96.8000","94.9000"
"2018/11/29","95.0700","3460790.0000","94.0400","95.4500","94.0300"
"2018/11/28","94.4800","3383822.0000","94.1100","94.7200","93.4200"
"2018/11/27","93.3800","4035884.0000","92.3700","94.1929","92.1283"
"2018/11/26","91.7500","4145865.0000","95.5600","95.8100","91.7300"
"2018/11/23","94.8400","2688683.0000","93.2700","95.0750","92.7900"
"2018/11/21","92.8600","3771561.0000","91.9200","93.3800","91.8200"
"2018/11/20","91.7700","3232245.0000","91.2000","92.7900","90.4500"
"2018/11/19","92.0900","2677804.0000","92.3200","92.9500","91.1600"
"2018/11/16","92.2600","2833250.0000","91.8400","92.6000","90.0700"
"2018/11/15","91.9800","3691475.0000","91.4000","92.6600","89.0200"
"2018/11/14","91.7900","2316111.0000","93.0300","93.4700","91.3800"
"2018/11/13","92.6000","3696571.0000","91.6300","93.3800","91.6300"
"2018/11/12","91.2000","2903199.0000","92.3600","92.6900","91.0300"
"2018/11/09","92.3500","4254067.0000","92.4100","93.6000","91.7400"
"2018/11/08","92.5600","2460310.0000","92.0900","92.8500","91.5300"
"2018/11/07","92.1600","3791948.0000","90.2200","92.3300","89.6500"
"2018/11/06","89.6400","2176629.0000","90.0000","90.2500","88.8300"
"2018/11/05","89.4700","2710100.0000","88.9800","89.8200","88.2800"
"2018/11/02","88.6800","3304765.0000","88.4700","90.2800","88.0050"
"2018/11/01","88.0400","3385767.0000","85.6200","88.4700","85.6200"
"2018/10/31","85.5100","3796462.0000","87.2500","87.7000","85.3700"
"2018/10/30","85.8500","4358411.0000","84.3800","86.2500","84.3800"
"2018/10/29","84.9900","3829825.0000","85.9800","86.9500","83.9200"
"2018/10/26","84.6300","3364347.0000","84.1000","85.5800","82.8400"
"2018/10/25","85.6000","4328610.0000","82.6900","86.2700","82.4800"
"2018/10/24","82.1900","5220831.0000","86.0700","86.7100","81.9200"
"2018/10/23","86.3300","5703922.0000","87.0200","87.6100","84.4350"
"2018/10/22","88.6100","3819921.0000","87.8400","89.2300","87.3400"
"2018/10/19","87.4300","4581744.0000","87.2600","88.8300","87.0200"
"2018/10/18","87.0900","4979782.0000","89.0000","89.6100","86.5200"
"2018/10/17","88.4900","10326140.0000","88.0200","89.4800","86.1600"
"2018/10/16","83.5200","4897205.0000","81.6000","84.2100","81.2300"
"2018/10/15","81.3400","3508328.0000","80.4000","81.9500","80.1000"
"2018/10/12","80.1800","2798823.0000","81.3100","81.4700","79.3283"
"2018/10/11","80.1200","5567062.0000","81.0900","81.9800","78.9300"
"2018/10/10","78.9300","5573768.0000","82.8000","82.8000","78.8700"
"2018/10/09","81.4300","4130265.0000","83.7100","84.4100","81.2800"
"2018/10/08","83.6800","2897333.0000","84.0000","84.4900","82.3700"
"2018/10/05","84.1400","4242778.0000","86.1200","86.7500","84.0200"
"2018/10/04","86.0400","2751824.0000","87.0300","87.7600","85.5200"
"2018/10/03","87.3900","1945359.0000","87.0200","87.9200","86.8200"
"2018/10/02","86.7100","3206692.0000","87.2400","87.4400","85.8400"
"2018/10/01","87.6100","2459934.0000","89.2900","89.5800","87.5200"
"2018/09/28","89.0600","2091566.0000","88.3300","89.3400","88.2900"
"2018/09/27","88.3400","2156242.0000","88.9300","89.9900","88.2400"
"2018/09/26","88.9700","2030681.0000","88.8500","89.4600","88.4600"
"2018/09/25","87.9200","2056435.0000","87.8300","88.0400","86.8205"
"2018/09/24","87.8400","3534877.0000","89.8300","89.8300","87.0299"
"2018/09/21","89.9400","4690350.0000","89.5700","90.2500","87.1100"
"2018/09/20","89.1200","2409841.0000","89.8400","89.9244","88.9100"
"2018/09/19","89.3500","2545614.0000","90.0200","90.6100","89.1800"
"2018/09/18","90.1100","1933472.0000","89.3400","90.5300","88.6500"
"2018/09/17","90.1600","1646261.0000","90.5000","91.3890","89.9400"
"2018/09/14","90.3300","2432420.0000","89.7400","90.4800","89.4900"
"2018/09/13","89.5800","3570356.0000","87.9800","90.2000","87.8300"
"2018/09/12","87.8000","2463152.0000","88.9000","89.2100","87.4400"
"2018/09/11","89.1200","3513429.0000","87.9600","89.3500","87.8319"
"2018/09/10","88.0900","3204868.0000","87.6800","88.4500","87.1500"
"2018/09/07","87.6800","2438410.0000","87.0100","89.4800","86.5000"
"2018/09/06","87.1300","5628999.0000","88.1600","88.4400","86.5000"
"2018/09/05","88.1900","4088049.0000","88.6400","89.0750","86.2600"
"2018/09/04","88.3000","3083305.0000","87.8400","88.8400","87.6600"
"2018/08/31","87.4200","3079479.0000","86.9000","87.6700","86.6700"
"2018/08/30","86.9200","1854417.0000","86.8600","87.5900","86.5100"
"2018/08/29","87.1100","1905810.0000","86.9900","87.4400","86.4000"
"2018/08/28","86.8200","2784980.0000","86.0400","87.3700","85.8900"
"2018/08/27","85.9400","1895155.0000","85.7000","86.3200","85.5700"
"2018/08/24","85.1400","2389180.0000","84.4900","85.5200","83.7100"
"2018/08/23","84.7400","1365417.0000","84.6000","85.5900","84.3600"
"2018/08/22","84.5300","1296566.0000","85.2300","85.4600","84.3650"
"2018/08/21","85.6600","3152930.0000","85.4700","86.6000","85.0800"
"2018/08/20","85.2200","5629945.0000","82.4100","85.3300","82.1300"
"2018/08/17","82.0100","1671887.0000","81.6900","82.2100","81.5200"
"2018/08/16","81.9000","2041906.0000","82.1400","82.7400","81.0400"
"2018/08/15","81.8700","2542277.0000","81.2600","82.0050","80.3500"
"2018/08/14","81.4400","1795218.0000","81.0500","82.4400","81.0200"
"2018/08/13","81.2100","1832604.0000","81.8100","82.1800","80.7200"
"2018/08/10","81.7200","2354054.0000","82.2500","82.3300","80.6500"
"2018/08/09","82.7500","1540153.0000","82.9100","83.6625","82.4900"
"2018/08/08","82.7900","1498611.0000","82.6400","83.4500","82.4100"
"2018/08/07","82.3200","1816890.0000","82.3200","82.8452","82.0200"
"2018/08/06","81.8300","2075466.0000","81.2700","82.2600","81.0400"
"2018/08/03","81.3400","2009055.0000","80.8900","81.6400","80.5400"
"2018/08/02","80.8500","2464611.0000","79.2000","80.9300","78.7000"
"2018/08/01","80.0200","4605088.0000","80.7700","81.2600","79.8300"
"2018/07/31","80.4000","2353381.0000","80.2600","81.0550","80.0700"
"2018/07/30","80.0700","3434788.0000","79.6200","80.9199","79.5000"
"2018/07/27","80.0100","3509241.0000","81.0300","81.7800","79.6000"
"2018/07/26","81.2400","3915070.0000","80.4500","82.0400","80.1300"
"2018/07/25","80.5600","3857797.0000","80.4000","81.0100","79.9400"
"2018/07/24","80.0400","3846654.0000","81.7500","81.8000","79.5500"
"2018/07/23","81.5900","3267109.0000","80.7700","81.9100","80.4200"
"2018/07/20","80.9100","4548791.0000","80.5500","81.5500","80.2200"
"2018/07/19","80.5900","10187790.0000","80.0000","80.9200","79.3100"
"2018/07/18","79.0000","15558460.0000","75.6000","79.4900","75.5600"
"2018/07/17","72.6200","5655472.0000","72.2100","73.1750","71.9800"
"2018/07/16","72.2600","3852010.0000","72.3300","72.7510","71.5200"
"2018/07/13","72.1000","2817053.0000","70.9300","72.2400","70.9300"
"2018/07/12","71.0400","4533183.0000","69.5300","71.3400","68.8600"
"2018/07/11","68.8800","6207340.0000","70.4000","70.7000","67.9400"
"2018/07/10","71.3000","2636532.0000","71.7700","71.7700","70.2500"
"2018/07/09","71.7900","2240786.0000","71.2300","72.1900","70.6900"
"2018/07/06","70.9600","2089965.0000","71.0100","71.3700","70.5650"
"2018/07/05","70.9200","3823757.0000","70.5500","71.1625","70.4200"
"2018/07/03","70.1600","1630239.0000","69.7800","70.9700","69.4000"
"2018/07/02","70.9200","1932631.0000","69.4000","70.9900","69.2100"
"2018/06/29","69.7300","2167675.0000","69.7600","70.3700","69.6400"
"2018/06/28","69.4400","2236635.0000","69.6800","69.8222","68.4900"
"2018/06/27","69.5700","2633944.0000","71.0800","71.2300","69.5300"
"2018/06/26","71.0200","2365384.0000","71.3900","71.7700","70.5700"
"2018/06/25","71.3300","3297147.0000","72.8000","72.8000","70.8200"
"2018/06/22","72.9400","3980190.0000","74.1900","75.5300","72.7950"
"2018/06/21","74.4200","2000860.0000","73.7800","75.4400","73.7800"
"2018/06/20","74.0700","2021264.0000","73.1200","74.6100","72.8800"
"2018/06/19","73.0000","3473340.0000","73.8000","74.2500","72.3800"
"2018/06/18","74.4900","4306090.0000","73.3400","74.7500","72.7500"
"2018/06/15","73.8900","5137794.0000","72.9700","74.0000","72.2800"
"2018/06/14","73.0200","2675390.0000","73.0000","74.0400","72.6300"
"2018/06/13","72.5000","2364372.0000","72.8700","73.5200","72.3800"
"2018/06/12","72.3900","2476040.0000","72.4000","72.7450","71.4200"
"2018/06/11","72.1500","4218229.0000","70.8300","73.2900","70.5600"
"2018/06/08","69.9900","2707681.0000","69.3700","70.1500","69.0700"
"2018/06/07","69.5400","2875204.0000","70.2000","70.2100","68.9200"
"2018/06/06","70.3600","2698534.0000","68.1400","70.5300","67.9300"
"2018/06/05","69.3200","2401803.0000","69.7200","69.9200","68.5700"
"2018/06/04","69.9800","2450035.0000","69.3600","70.4950","69.3600"
"2018/06/01","69.2500","2317261.0000","70.0000","70.4400","69.1000"
"2018/05/31","69.5900","2269393.0000","69.9600","70.5300","69.2000"
"2018/05/30","69.8000","2945716.0000","69.5800","69.8600","68.9850"
"2018/05/29","69.5200","2536005.0000","70.9900","71.5200","69.0400"
"2018/05/25","71.6800","3972453.0000","70.7600","72.7400","70.6450"
"2018/05/24","70.4700","2013432.0000","69.6200","70.6700","69.4500"
"2018/05/23","69.5400","1946050.0000","69.7500","69.8900","68.8700"
"2018/05/22","69.9900","3230146.0000","70.6000","71.4100","69.7100"
"2018/05/21","70.0700","3524886.0000","69.0100","70.6600","68.9200"
"2018/05/18","68.4200","3733308.0000","68.9400","69.6400","68.4000"
"2018/05/17","69.4900","2721188.0000","69.7500","70.3900","69.3150"
"2018/05/16","69.7400","3384978.0000","68.0300","70.1400","67.7200"
"2018/05/15","68.0300","3262018.0000","66.5500","68.3575","66.1000"
"2018/05/14","66.6400","2770358.0000","67.3400","67.6000","66.1400"
"2018/05/11","66.9200","2880218.0000","66.1100","67.1950","66.1100"
"2018/05/10","66.0200","2688723.0000","65.8500","66.5200","65.5700"
"2018/05/09","65.8000","4414365.0000","67.2800","67.5900","65.5748"
"2018/05/08","67.7200","2689270.0000","67.6600","69.2000","67.2400"
"2018/05/07","67.5200","2090657.0000","68.4800","68.6700","66.9800"
"2018/05/04","68.3200","2171218.0000","67.1500","68.8400","67.1500"
"2018/05/03","67.5200","2211444.0000","67.9200","67.9200","66.5300"
"2018/05/02","67.9200","2956091.0000","68.1600","69.3500","67.8000"
"2018/05/01","68.3800","2122186.0000","67.5900","68.4400","67.0700"
"2018/04/30","67.5400","2463092.0000","67.8500","68.7800","67.4400"
"2018/04/27","67.8600","2661522.0000","66.8400","68.2300","66.8400"
"2018/04/26","66.6200","5466643.0000","67.3600","67.3600","65.4500"
"2018/04/25","68.5100","3674529.0000","68.7100","68.8800","67.1400"
"2018/04/24","68.9500","3815310.0000","70.6500","70.8300","67.7150"
"2018/04/23","70.3300","3612340.0000","72.1800","72.2500","69.7100"
"2018/04/20","71.7500","6262175.0000","70.4200","72.6000","70.4200"
"2018/04/19","70.2300","6379495.0000","70.6200","71.1900","69.1300"
"2018/04/18","70.5800","10264990.0000","69.5000","72.1000","67.6300"
"2018/04/17","67.3400","4736213.0000","67.7400","68.2400","66.7500"
"2018/04/16","67.3100","2823678.0000","66.7500","68.1800","66.7100"
"2018/04/13","66.5400","2665739.0000","66.7200","67.3200","66.1300"
"2018/04/12","66.1000","4784698.0000","65.6400","66.8800","65.3200"
"2018/04/11","64.8700","5366282.0000","67.0200","67.8700","64.7950"
"2018/04/10","67.5900","5354400.0000","69.2600","69.5000","66.5800"
"2018/04/09","68.5200","5259420.0000","69.2800","69.7300","68.2800"
"2018/04/06","68.6300","3699153.0000","70.2900","70.5548","68.0000"
"2018/04/05","70.6900","3003106.0000","70.2300","71.2100","69.8648"
"2018/04/04","69.9900","2857235.0000","68.2500","70.1300","67.9400"
"2018/04/03","69.1900","4385304.0000","67.1600","69.6100","67.0700"
"2018/04/02","66.7700","3972560.0000","69.1200","69.3000","65.6000"
"2018/03/29","69.4700","2973947.0000","68.0700","70.0400","68.0700"
"2018/03/28","67.9100","3062006.0000","68.3700","68.6898","67.2300"
"2018/03/27","68.1800","3299575.0000","68.7200","69.9100","67.8100"
"2018/03/26","68.4800","2693332.0000","68.3900","68.6800","67.3200"
"2018/03/23","67.3900","2844128.0000","68.7500","68.9800","67.3300"
"2018/03/22","68.4500","3404087.0000","69.4600","70.4901","68.4400"
"2018/03/21","69.9400","2618436.0000","69.1200","70.6350","68.8100"
"2018/03/20","70.4800","2009358.0000","70.4300","70.9600","70.0750"
"2018/03/19","70.1300","2230579.0000","71.0300","71.1000","69.5100"
"2018/03/16","70.8800","4610007.0000","70.4200","71.4500","70.1000"
"2018/03/15","70.1400","3380514.0000","70.9800","71.4200","69.9300"
"2018/03/14","70.7400","4133106.0000","72.3500","73.2400","70.4400"
"2018/03/13","72.6000","4816883.0000","72.8700","73.4100","72.4700"
"2018/03/12","72.0000","3733785.0000","71.8200","72.1000","70.4000"
"2018/03/09","71.5500","5646032.0000","70.5000","71.6399","69.7300"
"2018/03/08","69.8700","7164103.0000","68.3200","70.5500","68.0500"
"2018/03/07","67.8100","2725764.0000","66.8100","67.9100","66.5310"
"2018/03/06","67.5200","2469088.0000","67.2100","67.8100","66.2900"
"2018/03/05","67.2100","3027531.0000","66.8200","67.9200","66.4100"
"2018/03/02","67.5100","3132656.0000","66.8700","67.6900","65.6700"
"2018/03/01","67.5400","4107949.0000","67.7800","69.3400","67.0200"
"2018/02/28","67.7900","3036848.0000","68.0000","68.6100","67.3300"
"2018/02/27","67.8600","3436543.0000","69.0000","69.4000","67.7900"
"2018/02/26","69.2600","4620516.0000","68.2600","69.4800","68.2500"
"2018/02/23","67.5700","2645473.0000","67.0100","67.6801","66.7400"
"2018/02/22","66.7000","2304028.0000","67.5000","67.7272","66.4500"
"2018/02/21","67.0000","3323495.0000","66.3900","68.5200","66.3600"
"2018/02/20","66.5900","3388106.0000","66.1000","66.7200","65.7800"
"2018/02/16","66.5200","2920988.0000","67.0500","67.5100","66.5100"
"2018/02/15","66.7400","3711086.0000","66.0000","66.7550","65.6400"
"2018/02/14","65.6800","2747324.0000","65.4000","66.3200","65.1600"
"2018/02/13","65.7000","3110770.0000","63.8300","65.7500","63.6600"
"2018/02/12","64.1400","3278382.0000","63.3300","64.8300","62.9700"
"2018/02/09","62.9800","6069301.0000","64.2400","64.5200","60.4400"
"2018/02/08","63.3700","4607135.0000","65.1700","65.6700","63.3300"
"2018/02/07","65.3600","5687002.0000","63.8400","66.5783","63.7500"
"2018/02/06","63.9500","4662821.0000","62.1600","64.2200","61.9600"
"2018/02/05","63.4000","5404118.0000","65.0000","65.4400","63.2811"
"2018/02/02","65.6800","4189228.0000","66.6300","66.8900","65.4800"
"2018/02/01","67.1500","5601506.0000","67.2200","67.9500","66.2300"
"2018/01/31","67.8200","6229822.0000","67.7400","69.0900","67.3200"
"2018/01/30","67.0100","7788714.0000","66.2600","67.5200","65.7800"
"2018/01/29","65.7800","5413363.0000","66.2200","66.7500","65.4600"
"2018/01/26","66.5600","6497797.0000","66.3300","66.7700","65.4400"
"2018/01/25","66.0800","16953560.0000","69.3550","69.4000","65.8000"
"2018/01/24","69.0500","27085670.0000","71.4300","72.0000","68.0700"
"2018/01/23","77.9700","4888522.0000","77.1000","78.2100","76.4000"
"2018/01/22","76.8700","3009484.0000","76.6000","76.8800","75.5000"
"2018/01/19","76.5000","3964510.0000","76.8200","76.8400","75.8000"
"2018/01/18","76.3000","3435964.0000","76.6000","77.1000","75.9910"
"2018/01/17","76.5800","2950688.0000","77.5300","77.6100","76.4800"
"2018/01/16","77.4900","3886827.0000","78.3500","79.0000","76.8000"
"2018/01/12","78.4000","4447757.0000","76.7400","78.8400","76.4800"
"2018/01/11","76.4500","6909403.0000","73.6150","77.0900","73.2500"
"2018/01/10","73.0800","9375832.0000","70.9800","73.1510","70.4500"
"2018/01/09","68.4800","3052781.0000","68.5000","69.7600","68.3900"
"2018/01/08","68.5100","4277577.0000","69.3700","69.3700","68.0100"
"2018/01/05","69.3600","2675564.0000","69.4000","69.4000","68.7700"
"2018/01/04","69.2600","3922566.0000","68.6900","69.3652","67.6400"
"2018/01/03","68.4900","4590853.0000","68.9400","69.3700","67.8200"
"2018/01/02","68.9400","3390567.0000","67.9000","69.0100","67.3800"
"2017/12/29","67.4000","3079454.0000","67.6800","67.9900","67.3700"
"2017/12/28","67.5400","2454579.0000","67.1200","67.5700","66.8800"
"2017/12/27","67.1200","2939912.0000","67.6200","67.6200","66.6101"
"2017/12/26","67.3500","2347186.0000","66.9400","67.7200","66.4810"
"2017/12/22","67.2500","2154561.0000","67.4400","67.4800","67.1100"
"2017/12/21","67.2800","4554256.0000","66.1700","67.6250","66.1500"
"2017/12/20","65.9000","4566525.0000","65.3300","66.2700","65.0401"
"2017/12/19","64.4300","3338839.0000","64.8300","64.9900","64.3300"
"2017/12/18","64.5600","3709994.0000","64.1200","64.7600","63.7100"
"2017/12/15","63.7600","6744173.0000","63.6200","64.4700","63.2600"
"2017/12/14","63.1300","5827839.0000","63.5000","64.0400","62.7100"
"2017/12/13","63.0300","3715195.0000","63.5200","63.7400","62.4500"
"2017/12/12","63.3600","2816275.0000","64.4500","64.5200","63.3600"
"2017/12/11","64.2400","4033915.0000","63.6900","64.6950","63.4800"
"2017/12/08","63.5500","4792671.0000","65.2300","65.2900","63.3800"
"2017/12/07","63.5300","3758493.0000","62.0100","63.7800","61.8400"
"2017/12/06","62.1900","3054552.0000","62.1600","62.6000","61.7800"
"2017/12/05","62.2000","2620493.0000","62.5900","62.7200","61.8400"
"2017/12/04","62.5900","5053955.0000","63.6900","64.3300","62.5500"
"2017/12/01","62.5700","4349232.0000","63.2000","63.4900","61.8400"
"2017/11/30","63.3200","4968919.0000","62.2500","63.8400","62.0750"
"2017/11/29","62.0900","6092800.0000","60.6000","62.2900","60.3850"
"2017/11/28","60.1900","4149145.0000","59.1600","60.3786","59.0000"
"2017/11/27","59.0900","2896330.0000","59.4400","59.5400","58.9269"
"2017/11/24","59.4300","1196697.0000","59.6200","59.7500","59.2500"
"2017/11/22","59.6900","1800635.0000","59.3900","60.0000","59.2700"
"2017/11/21","59.7100","2863138.0000","58.8600","59.7724","58.7800"
"2017/11/20","58.7600","3053497.0000","58.2600","58.8250","57.8200"
"2017/11/17","58.2000","4260035.0000","58.4100","58.5900","57.8000"
"2017/11/16","58.6800","3076317.0000","58.0700","58.7600","57.5900"
"2017/11/15","57.4900","4938959.0000","56.9900","57.6900","56.5100"
"2017/11/14","57.2000","5187320.0000","57.7000","57.9900","56.6000"
"2017/11/13","57.8100","4478689.0000","58.2200","58.5500","57.7200"
"2017/11/10","58.5200","3179981.0000","58.3400","59.1800","58.2900"
"2017/11/09","58.3900","3557446.0000","58.4200","58.9800","57.9300"
"2017/11/08","58.9200","2650950.0000","58.5500","59.3000","58.3900"
"2017/11/07","58.7100","3680286.0000","60.0100","60.1900","58.6400"
"2017/11/06","59.9200","3948931.0000","59.4400","60.7900","59.2600"
"2017/11/03","59.6500","4889759.0000","58.4100","59.8200","58.1500"
"2017/11/02","58.2700","3871547.0000","58.4400","58.8700","58.1300"
"2017/11/01","58.6400","4798398.0000","58.2000","58.9350","58.1100"
"2017/10/31","58.4800","5161244.0000","59.0300","59.2000","58.4600"
"2017/10/30","59.0400","5203727.0000","59.7800","59.9900","58.6500"
"2017/10/27","60.2500","4893668.0000","60.1500","60.7900","59.6200"
"2017/10/26","59.9500","9815581.0000","60.2600","61.3300","59.4700"
"2017/10/25","59.9200","6557370.0000","60.4100","60.5800","59.4200"
"2017/10/24","59.9100","8746029.0000","58.9000","60.0685","58.0400"
"2017/10/23","59.1000","6855471.0000","60.0400","60.0700","58.8700"
"2017/10/20","59.9000","10394860.0000","60.0000","61.1500","59.3350"
"2017/10/19","59.7800","29595030.0000","66.3900","66.7200","59.5613"
"2017/10/18","67.9900","5303398.0000","67.5500","68.4800","67.4400"
"2017/10/17","67.5100","4592454.0000","67.1200","67.9400","66.8000"
"2017/10/16","66.9500","3894359.0000","67.6400","67.7100","66.7300"
"2017/10/13","67.5700","4082068.0000","66.5900","67.6100","66.5900"
"2017/10/12","66.6400","3443212.0000","67.1700","67.5499","66.5900"
"2017/10/11","67.4000","6487288.0000","67.8000","68.7600","67.1400"
"2017/10/10","67.7200","10282200.0000","67.8200","69.6200","67.4100"
"2017/10/09","64.7000","2728731.0000","65.2600","65.4700","64.3850"
"2017/10/06","65.2500","3974648.0000","64.3300","65.9800","64.1400"
"2017/10/05","64.3200","4059781.0000","64.3600","64.5800","63.7200"
"2017/10/04","64.4700","5468552.0000","64.6400","65.7800","64.3400"
"2017/10/03","64.1400","6810743.0000","60.3800","64.2300","60.2000"
"2017/10/02","60.4300","4459419.0000","60.9000","61.1000","59.9900"
"2017/09/29","60.8800","3992490.0000","61.2200","61.4900","60.7600"
"2017/09/28","61.1600","4062252.0000","60.8200","61.8900","60.7900"
"2017/09/27","60.9200","4891122.0000","59.9900","61.0000","59.6850"
"2017/09/26","59.6800","3977174.0000","59.5600","60.0900","59.3000"
"2017/09/25","59.4400","4721259.0000","58.6900","59.4800","58.5200"
"2017/09/22","58.8000","4278367.0000","58.5600","59.3100","58.3000"
"2017/09/21","58.5300","4221632.0000","58.1800","58.9450","57.7000"
"2017/09/20","58.0600","4622216.0000","57.5800","58.8300","57.3400"
"2017/09/19","57.5400","5327759.0000","58.0900","58.7400","57.5000"
"2017/09/18","58.1100","6512934.0000","59.8500","59.9800","58.0500"
"2017/09/15","59.8000","10075790.0000","59.8000","60.2400","59.1300"
"2017/09/14","61.2500","4066779.0000","61.6700","61.6700","60.9000"
"2017/09/13","61.6600","4822374.0000","61.2000","61.9800","60.6000"
"2017/09/12","61.2400","5368293.0000","60.6200","61.4000","60.0300"
"2017/09/11","60.4600","6731675.0000","59.0600","60.6750","58.8250"
"2017/09/08","58.3800","4084781.0000","58.4800","59.0900","58.3300"
"2017/09/07","58.5800","6973915.0000","60.3800","60.8800","58.4500"
"2017/09/06","60.3300","10882600.0000","58.9300","60.3800","57.7400"
"2017/09/05","61.1000","5568355.0000","62.0000","63.0800","61.1000"
"2017/09/01","62.4300","3868434.0000","62.5400","62.7300","61.6600"
"2017/08/31","61.9600","3908848.0000","62.4900","63.0400","61.8900"
"2017/08/30","62.0200","4675909.0000","62.7300","62.7591","61.9350"
"2017/08/29","62.8900","5212243.0000","62.1100","63.3600","62.0500"
"2017/08/28","63.1500","4134185.0000","63.2100","63.2400","62.3700"
"2017/08/25","63.3600","4619503.0000","61.7000","63.5300","61.5700"
"2017/08/24","61.4800","4636884.0000","63.2900","63.2900","61.3100"
"2017/08/23","62.8300","4917874.0000","64.3600","64.5300","62.6200"
"2017/08/22","64.7000","3703193.0000","64.9200","65.3200","64.1800"
"2017/08/21","64.8500","2892487.0000","64.7300","65.3300","64.5000"
"2017/08/18","64.7500","3194790.0000","64.7700","65.4900","64.2700"
"2017/08/17","64.7000","3898437.0000","66.7000","66.8400","64.5900"
"2017/08/16","66.9200","1972325.0000","66.7700","67.4400","66.7700"
"2017/08/15","66.9600","2162524.0000","67.0200","67.2950","66.4800"
"2017/08/14","66.7100","3365947.0000","66.5000","67.2800","66.4100"
"2017/08/11","65.8700","3512587.0000","65.5700","66.2300","65.0300"
"2017/08/10","65.2400","4965197.0000","66.8200","66.9600","65.1100"
"2017/08/09","67.0600","3523123.0000","67.3800","67.9700","66.8000"
"2017/08/08","67.7900","2640677.0000","68.1500","68.7200","67.5300"
"2017/08/07","68.3900","3093526.0000","69.0900","69.2900","68.3600"
"2017/08/04","68.9100","3274498.0000","68.3700","69.3100","68.1800"
"2017/08/03","68.1900","3750589.0000","67.4400","68.4900","67.3100"
"2017/08/02","67.4400","3191473.0000","68.0100","68.2700","66.9300"
"2017/08/01","67.8600","2748103.0000","68.1500","68.5500","67.5500"
"2017/07/31","67.6800","2511818.0000","68.4800","68.6500","67.5700"
"2017/07/28","67.8800","4952480.0000","67.8800","68.2700","67.1300"
"2017/07/27","68.0900","7923662.0000","69.0200","69.0200","66.4500"
"2017/07/26","70.2400","4435117.0000","69.5000","70.3600","69.0000"
"2017/07/25","69.4800","4695433.0000","71.1400","71.2800","69.3500"
"2017/07/24","70.4300","4220998.0000","71.2300","71.8800","70.3400"
"2017/07/21","71.5700","5979799.0000","72.1900","72.4300","71.3400"
"2017/07/20","72.0800","8023983.0000","74.1000","74.2500","72.0300"
"2017/07/19","74.2400","15383120.0000","76.2300","76.7000","73.7000"
"2017/07/18","78.9000","4095830.0000","79.3000","79.6800","78.2914"
"2017/07/17","79.7800","2353723.0000","79.6600","80.1200","79.1800"
"2017/07/14","79.8500","2127370.0000","80.0000","80.1650","79.0500"
"2017/07/13","80.1700","3477646.0000","80.5000","81.3900","79.6700"
"2017/07/12","80.5300","5048582.0000","78.7000","80.8100","78.6100"
"2017/07/11","76.9200","3515190.0000","78.0900","78.1900","76.9100"
"2017/07/10","78.2600","3996771.0000","78.4900","79.1200","77.7700"
"2017/07/07","78.9400","4172984.0000","77.9800","79.2900","77.5300"
"2017/07/06","77.7100","4305315.0000","76.0000","78.5300","75.7000"
"2017/07/05","76.5400","4519464.0000","75.3500","76.8600","74.4300"
"2017/07/03","75.0800","2390824.0000","75.8500","76.6500","75.0600"
"2017/06/30","75.2500","3448160.0000","76.1900","76.1900","75.2200"
"2017/06/29","75.4400","3524737.0000","76.8200","77.4800","74.9700"
"2017/06/28","76.7000","2628750.0000","76.5100","77.3699","76.3000"
"2017/06/27","76.0000","2768074.0000","77.0800","77.4500","75.9400"
"2017/06/26","77.0300","2454952.0000","76.8700","78.4000","76.5462"
"2017/06/23","76.7900","4585815.0000","77.4800","77.5300","76.5500"
"2017/06/22","77.4500","2953552.0000","78.3700","78.9099","77.0800"
"2017/06/21","77.5900","2132347.0000","77.6200","78.0800","76.9700"
"2017/06/20","77.2800","2388683.0000","79.0400","79.3400","77.2500"
"2017/06/19","78.6300","3336507.0000","77.1300","78.7600","76.7900"
"2017/06/16","76.7800","3164675.0000","77.5100","77.7200","76.4900"
"2017/06/15","77.3400","2777130.0000","77.1700","77.3800","76.1100"
"2017/06/14","77.5600","2479617.0000","77.8700","77.9200","76.3500"
"2017/06/13","77.4800","4073324.0000","77.8300","78.6000","76.3300"
"2017/06/12","77.7300","5140742.0000","79.0200","79.0800","76.0000"
"2017/06/09","78.8300","5285746.0000","80.9600","81.5000","78.1500"
"2017/06/08","80.5200","4001136.0000","81.8700","81.8700","80.2000"
"2017/06/07","81.6600","6262961.0000","79.6700","81.8550","78.3500"
"2017/06/06","81.2400","2170981.0000","81.0700","81.8050","80.6500"
"2017/06/05","81.6700","1840542.0000","82.0400","82.3400","81.2100"
"2017/06/02","82.0300","3202325.0000","81.4900","83.0400","81.4600"
"2017/06/01","80.9800","2457559.0000","79.9900","80.9900","79.4600"
"2017/05/31","79.6700","2523294.0000","79.7300","79.9600","78.5600"
"2017/05/30","79.2500","3422269.0000","80.9000","80.9500","79.0100"
"2017/05/26","81.2500","2537325.0000","81.1700","81.9600","80.7400"
"2017/05/25","81.4100","2625976.0000","79.1800","81.5400","79.0300"
"2017/05/24","78.9400","1944172.0000","79.1400","79.7300","78.5800"
"2017/05/23","79.0300","1821890.0000","79.1100","79.2550","78.4200"
"2017/05/22","78.9200","2462688.0000","78.4400","79.2000","78.3700"
"2017/05/19","77.9800","4143366.0000","76.4200","78.3400","76.1800"
"2017/05/18","75.9800","3559591.0000","76.3200","77.1800","75.6200"
"2017/05/17","76.1800","5667955.0000","78.0600","78.6300","75.9400"
"2017/05/16","79.0600","3314683.0000","78.2200","79.1000","77.4432"
"2017/05/15","77.7900","3457984.0000","76.2000","78.3400","76.1900"
"2017/05/12","76.4100","2051318.0000","76.7500","77.4500","76.2050"
"2017/05/11","77.3600","2780920.0000","78.1800","78.1900","76.5300"
"2017/05/10","78.5500","3308165.0000","78.4800","78.9600","78.0200"
"2017/05/09","78.5500","5840471.0000","75.6400","79.1500","75.6400"
"2017/05/08","74.9800","3082015.0000","75.3400","75.8500","74.7700"
"2017/05/05","75.3000","2160288.0000","74.9700","75.3600","74.6500"
"2017/05/04","74.9100","2885635.0000","74.5600","75.1716","73.9200"
"2017/05/03","74.2100","2690215.0000","73.3000","74.4500","73.1010"
"2017/05/02","73.9400","5415246.0000","70.4300","73.9900","70.4000"
"2017/05/01","70.2700","3317031.0000","70.5600","71.4800","70.2400"
"2017/04/28","70.2100","2908986.0000","70.8700","71.2600","70.0000"
"2017/04/27","70.7000","5509592.0000","69.7700","70.7600","68.6200"
"2017/04/26","71.3300","4739577.0000","71.0900","71.9200","70.6600"
"2017/04/25","70.9700","3514748.0000","71.4000","72.0700","70.7600"
"2017/04/24","71.0000","4637338.0000","70.5000","71.0300","70.1500"
"2017/04/21","69.5600","3274069.0000","69.7000","69.8900","68.8800"
"2017/04/20","69.8000","4095416.0000","69.8100","70.0900","69.5100"
"2017/04/19","69.2900","6761456.0000","68.4700","69.7900","67.7700"
"2017/04/18","67.7500","10990820.0000","70.9700","70.9800","67.5500"
"2017/04/17","70.7700","4743379.0000","69.5100","70.8100","69.0100"
"2017/04/13","69.0700","5161495.0000","69.9000","70.1400","69.0700"
"2017/04/12","69.9300","7619318.0000","71.6500","71.7300","69.6900"
"2017/04/11","70.7100","17684270.0000","70.1500","70.7200","68.3600"
"2017/04/10","71.5200","3456418.0000","70.5500","72.1000","70.2500"
"2017/04/07","70.8800","2471072.0000","69.9700","71.0200","69.7200"
"2017/04/06","70.2200","1874233.0000","70.1600","70.9300","69.5600"
"2017/04/05","70.0600","2640152.0000","70.2300","71.3500","69.8100"
"2017/04/04","69.7600","2658210.0000","70.7600","71.0800","69.5800"
"2017/04/03","71.3500","2941584.0000","70.6900","71.4200","69.4200"
"2017/03/31","70.6400","2406804.0000","70.6800","71.1900","70.4500"
"2017/03/30","70.7800","2462637.0000","69.6600","70.9600","69.6600"
"2017/03/29","69.8500","3409875.0000","70.4500","71.0000","69.5300"
"2017/03/28","70.7400","4972851.0000","68.4100","71.0900","68.1800"
"2017/03/27","68.3700","2943107.0000","66.7200","68.7400","66.2600"
"2017/03/24","67.9300","2626797.0000","67.5500","68.5100","67.5300"
"2017/03/23","67.5000","4442627.0000","67.0200","68.5600","66.9000"
"2017/03/22","66.9500","4921439.0000","64.9200","66.9600","64.1600"
"2017/03/21","65.2800","4923076.0000","67.7600","67.8700","65.1500"
"2017/03/20","67.4900","4326005.0000","67.1500","68.0500","66.6000"
"2017/03/17","66.7900","5827305.0000","67.8200","67.9100","66.6500"
"2017/03/16","67.5600","8793385.0000","67.9000","67.9650","66.4400"
"2017/03/15","68.1700","11319280.0000","65.0000","68.3700","64.3200"
"2017/03/14","66.5500","8257323.0000","69.3800","69.4200","66.3400"
"2017/03/13","69.8500","6741200.0000","72.1900","72.7000","69.6600"
"2017/03/10","72.3400","4551242.0000","72.3300","73.2000","71.6430"
"2017/03/09","72.5400","3732121.0000","73.2100","74.6000","72.4300"
"2017/03/08","73.4400","3508372.0000","72.9700","73.6500","72.3100"
"2017/03/07","72.6400","3760822.0000","72.6900","73.2300","72.1500"
"2017/03/06","73.1400","5897479.0000","74.8500","74.8500","71.9000"
"2017/03/03","75.5900","4250355.0000","73.7000","75.9900","73.4351"
"2017/03/02","73.2800","2850070.0000","74.3500","74.7400","73.2110"
"2017/03/01","75.3900","3726288.0000","74.6400","76.6500","74.6300"
"2017/02/28","74.0900","2999713.0000","75.3700","75.3700","73.6100"
"2017/02/27","75.2800","1898087.0000","74.9100","75.5200","74.3500"
"2017/02/24","75.0800","2056301.0000","73.9600","75.1100","73.5400"
"2017/02/23","74.5600","4966969.0000","75.8700","76.4600","73.8800"
"2017/02/22","75.4300","1703613.0000","75.2100","75.5700","74.3500"
"2017/02/21","75.4100","2663483.0000","75.9000","76.2300","74.4150"
"2017/02/17","75.9600","1890264.0000","75.4900","75.9700","74.6000"
"2017/02/16","75.6700","2199193.0000","75.9300","76.3000","75.1010"
"2017/02/15","75.7500","4997428.0000","75.2900","76.2300","74.8200"
"2017/02/14","73.7400","2536326.0000","73.4400","73.8750","72.0000"
"2017/02/13","73.8400","3282945.0000","72.8500","74.1600","72.8400"
"2017/02/10","72.6000","1941283.0000","73.3700","73.3700","72.2000"
"2017/02/09","72.9800","3759380.0000","71.3800","73.3000","71.2300"
"2017/02/08","71.7000","2970552.0000","71.5000","71.7650","70.7300"
"2017/02/07","71.2900","4971640.0000","73.9600","74.0000","71.2500"
"2017/02/06","73.5000","3931782.0000","73.4000","74.7800","72.7800"
"2017/02/03","73.0600","2517938.0000","72.5300","73.2500","72.0500"
"2017/02/02","72.1400","3104854.0000","70.7300","72.3400","70.5500"
"2017/02/01","71.4800","3414188.0000","70.9500","71.8600","70.6900"
"2017/01/31","70.4700","5455041.0000","71.7800","71.7800","69.3400"
"2017/01/30","71.7200","3904142.0000","72.9900","72.9900","70.0000"
"2017/01/27","74.4200","4381251.0000","75.7500","75.9800","74.0400"
"2017/01/26","75.3800","5429666.0000","74.4700","76.0000","74.1200"
"2017/01/25","73.5900","2786755.0000","73.5800","74.6000","73.0400"
"2017/01/24","73.1800","2664899.0000","73.0800","73.5800","72.6600"
"2017/01/23","72.7500","4420046.0000","74.6600","75.0900","72.6363"
"2017/01/20","75.2400","2966093.0000","74.3000","75.4800","74.0900"
"2017/01/19","74.0200","2767859.0000","74.0600","74.8400","73.2550"
"2017/01/18","74.0000","4569543.0000","73.0000","74.9300","72.4100"
"2017/01/17","73.7400","4145832.0000","73.9400","75.0900","73.5500"
"2017/01/13","74.3200","2149516.0000","74.0300","74.7500","73.8900"
"2017/01/12","74.0000","4144188.0000","74.6400","75.6400","72.9000"
"2017/01/11","75.0400","5185872.0000","75.5100","76.7500","74.9450"
"2017/01/10","73.6600","3501593.0000","71.4700","74.3400","71.4400"
"2017/01/09","71.2800","1937664.0000","71.0600","72.0000","70.8800"
"2017/01/06","71.3700","3648092.0000","70.9800","71.8900","69.7500"
"2017/01/05","70.9300","3578981.0000","71.9900","73.0000","70.3100"
"2017/01/04","73.0200","2199290.0000","72.4500","73.7900","72.4500"
"2017/01/03","72.7100","2516353.0000","74.0200","74.0200","72.1500"
"2016/12/30","72.8800","1720811.0000","73.4300","73.4300","72.3700"
"2016/12/29","73.2800","1272532.0000","73.5300","74.1900","72.9300"
"2016/12/28","73.5300","1935526.0000","75.0000","75.1800","73.3500"
"2016/12/27","74.6700","1092393.0000","74.7800","75.2200","74.5000"
"2016/12/23","74.7900","1622949.0000","74.4000","74.8266","74.1300"
"2016/12/22","74.1900","2292791.0000","75.6200","75.7300","73.8000"
"2016/12/21","75.7200","1542065.0000","75.7300","76.1000","75.1600"
"2016/12/20","76.0500","2815835.0000","75.3200","76.3098","74.7800"
"2016/12/19","74.4800","2589335.0000","74.2500","75.3800","73.7700"
"2016/12/16","74.4200","6566057.0000","74.9100","76.2000","74.0600"
"2016/12/15","74.7900","4753688.0000","73.8200","76.8000","73.8200"
"2016/12/14","72.9400","3821074.0000","72.6000","74.0000","72.0000"
"2016/12/13","72.5500","2759768.0000","73.3800","73.9800","72.1442"
"2016/12/12","73.2400","3115309.0000","74.3000","74.3550","72.6900"
"2016/12/09","75.1700","5147601.0000","75.0200","76.1300","74.4350"
"2016/12/08","72.7400","2874971.0000","72.4600","73.0800","71.5000"
"2016/12/07","72.4300","4057902.0000","70.6800","73.0000","70.2500"
"2016/12/06","70.9700","4375108.0000","69.4100","71.0400","69.0100"
"2016/12/05","68.2600","3396925.0000","69.9100","69.9500","68.0000"
"2016/12/02","69.2700","2577388.0000","69.1200","69.7600","68.5400"
"2016/12/01","68.4700","3213032.0000","68.6700","69.8700","68.3000"
"2016/11/30","68.9500","4126105.0000","68.5100","69.6900","67.5800"
"2016/11/29","69.7200","2531331.0000","69.1700","70.1500","68.9400"
"2016/11/28","69.2500","4967812.0000","69.9500","70.1500","68.6100"
"2016/11/25","70.0900","1410370.0000","69.8100","70.1800","69.5500"
"2016/11/23","69.8800","3762160.0000","69.3500","69.9800","68.8300"
"2016/11/22","69.5000","4989793.0000","69.0800","70.1500","69.0000"
"2016/11/21","68.9900","9001520.0000","68.2200","69.2900","67.7600"
"2016/11/18","68.2900","4959659.0000","68.0500","68.4700","67.2400"
"2016/11/17","67.8600","4908832.0000","65.6200","68.0200","65.5100"
"2016/11/16","65.5000","4938345.0000","65.7500","66.6600","64.9000"
"2016/11/15","66.0600","10421990.0000","65.4700","67.7000","63.4700"
"2016/11/14","62.9400","6659847.0000","60.5400","62.9400","60.3700"
"2016/11/11","60.2500","5149634.0000","59.8500","60.5800","58.7800"
"2016/11/10","59.9400","5715735.0000","60.4300","61.6000","59.7850"
"2016/11/09","60.1300","5343580.0000","58.2400","60.3600","57.8000"
"2016/11/08","59.3100","4078058.0000","58.5200","59.4500","57.8400"
"2016/11/07","58.5300","4494724.0000","57.9600","58.7650","57.5500"
"2016/11/04","57.2300","5021160.0000","56.0100","57.6900","55.7500"
"2016/11/03","55.9400","3697575.0000","56.6600","57.2400","55.7900"
"2016/11/02","56.1400","3957879.0000","55.9500","56.8600","55.7600"
"2016/11/01","56.0000","4709875.0000","56.2500","56.9700","55.5300"
"2016/10/31","56.2300","5329478.0000","55.6200","56.2500","54.9700"
"2016/10/28","55.1100","5086581.0000","54.5900","55.4450","54.3800"
"2016/10/27","54.4200","4901008.0000","54.3000","55.2000","53.5900"
"2016/10/26","53.9800","6115410.0000","53.1100","55.3400","52.2100"
"2016/10/25","54.6300","3150778.0000","54.9300","55.8900","54.5410"
"2016/10/24","55.0400","2875397.0000","55.9100","56.2500","54.9500"
"2016/10/21","55.6000","3935877.0000","56.2100","56.5800","55.1700"
"2016/10/20","56.5700","9569480.0000","55.2900","56.8100","55.1100"
"2016/10/19","55.4400","7537162.0000","53.9900","55.4900","53.7500"
"2016/10/18","53.6800","11297320.0000","52.5400","55.0100","52.4400"
"2016/10/17","53.0300","6397186.0000","53.4500","54.5300","52.9300"
"2016/10/14","53.2000","7416223.0000","54.1600","54.5700","52.9800"
"2016/10/13","53.6900","8065383.0000","52.0500","54.0300","51.3400"
"2016/10/12","52.8800","5332508.0000","53.7600","54.0700","52.3300"
"2016/10/11","53.5200","5937679.0000","54.8100","54.9400","53.1800"
"2016/10/10","54.2000","3989939.0000","53.0600","54.5000","53.0600"
"2016/10/07","52.8200","2577559.0000","53.7900","54.0000","52.6700"
"2016/10/06","53.9800","2731317.0000","53.6000","54.0600","52.8650"
"2016/10/05","53.8200","2565598.0000","53.8200","54.1400","53.4800"
"2016/10/04","53.7300","5658226.0000","54.2100","55.2500","53.5450"
"2016/10/03","53.2500","4448073.0000","52.2400","53.4000","52.0000"
"2016/09/30","52.4700","5366308.0000","51.3900","52.9300","51.3800"
"2016/09/29","51.1400","5856808.0000","50.5800","51.6750","50.4100"
"2016/09/28","50.6600","3760935.0000","50.6700","51.8900","50.4200"
"2016/09/27","50.4100","3750553.0000","49.5000","50.7900","49.4000"
"2016/09/26","49.4500","4693626.0000","50.5300","50.8900","49.2800"
"2016/09/23","50.9500","3411603.0000","50.8900","51.3250","50.4900"
"2016/09/22","51.0400","5482165.0000","50.6800","52.0350","50.3700"
"2016/09/21","50.2300","4483831.0000","50.4700","50.7500","49.3001"
"2016/09/20","50.3100","3718383.0000","51.0900","51.6600","50.2500"
"2016/09/19","50.9600","3673709.0000","51.1400","51.9300","50.9100"
"2016/09/16","51.0000","10475740.0000","51.3100","51.7000","50.8950"
"2016/09/15","51.7100","4726469.0000","50.9900","51.9550","50.3700"
"2016/09/14","51.0000","4554661.0000","51.4000","51.8900","50.7229"
"2016/09/13","51.6400","4742416.0000","52.7000","53.2600","51.4850"
"2016/09/12","53.2500","5217032.0000","51.6900","53.4400","50.6701"
"2016/09/09","52.4500","4994076.0000","53.9900","54.1100","52.4200"
"2016/09/08","54.3600","5593423.0000","53.2300","54.4000","53.2300"
"2016/09/07","53.6800","7210359.0000","51.6200","54.5300","51.6200"
"2016/09/06","51.1400","3831324.0000","50.9700","51.2400","50.7700"
"2016/09/02","51.0900","3732402.0000","50.6800","51.5300","50.4500"
"2016/09/01","50.8900","4011808.0000","50.5400","51.4800","50.1200"
"2016/08/31","50.4100","5210617.0000","50.7900","51.0000","49.3500"
"2016/08/30","50.9900","12917820.0000","49.2800","51.5250","48.7600"
"2016/08/29","46.9500","2400887.0000","47.0600","47.3200","46.8100"
"2016/08/26","46.8700","3349061.0000","47.6200","47.8650","46.6750"
"2016/08/25","47.5300","2075818.0000","47.4600","47.7560","47.3000"
"2016/08/24","47.6000","2203199.0000","47.2900","47.9400","47.2710"
"2016/08/23","47.4900","2270638.0000","47.2700","47.9600","47.2700"
"2016/08/22","46.9500","2606951.0000","46.9500","47.0900","46.5600"
"2016/08/19","47.0900","3266845.0000","47.2500","47.5900","46.9400"
"2016/08/18","47.6000","4915948.0000","48.1600","48.2200","47.1800"
"2016/08/17","48.1800","3299437.0000","47.9100","48.2100","47.6800"
"2016/08/16","47.9900","3456106.0000","47.8200","48.3800","47.6000"
"2016/08/15","48.0100","3025448.0000","47.1600","48.4800","47.0000"
"2016/08/12","47.1000","2165945.0000","47.2000","47.3400","46.5310"
"2016/08/11","47.2700","4018950.0000","47.0000","47.5700","46.8000"
"2016/08/10","47.1200","3075067.0000","47.7200","47.8000","46.6700"
"2016/08/09","47.8100","3884759.0000","49.0000","49.4700","47.7800"
"2016/08/08","48.4900","4311096.0000","48.3900","49.3220","47.9008"
"2016/08/05","48.4100","5994981.0000","46.2500","48.4750","46.2400"
"2016/08/04","45.9000","3879129.0000","44.9400","45.9600","44.8100"
"2016/08/03","44.9000","4616014.0000","44.2800","45.2030","44.1500"
"2016/08/02","44.4000","7290461.0000","46.9000","46.9000","44.2400"
"2016/08/01","47.3600","2934747.0000","46.7700","47.3800","46.4200"
"2016/07/29","46.8900","3449706.0000","47.4900","48.1099","46.8900"
"2016/07/28","47.4000","2496682.0000","47.1700","47.6300","46.8100"
"2016/07/27","47.4400","3208596.0000","47.6300","47.7500","47.1600"
"2016/07/26","47.7300","4226117.0000","46.8700","48.0000","46.8700"
"2016/07/25","46.8900","3752831.0000","47.5200","47.7800","46.7300"
"2016/07/22","47.5700","4901026.0000","47.2500","47.6900","46.5550"
"2016/07/21","46.6600","5879565.0000","47.1100","47.4000","46.0200"
"2016/07/20","48.3000","8421993.0000","48.2800","49.8700","47.5400"
"2016/07/19","47.8500","4706915.0000","47.3000","47.9600","46.6750"
"2016/07/18","47.7100","3691261.0000","47.5800","48.0200","47.1300"
"2016/07/15","47.4300","5176121.0000","47.5100","47.7600","46.9200"
"2016/07/14","47.8500","7695344.0000","46.7300","47.9417","46.4200"
"2016/07/13","45.8600","5490189.0000","46.5500","46.7300","45.4150"
"2016/07/12","46.1600","9778789.0000","44.1900","46.3600","44.1900"
"2016/07/11","42.4100","4661679.0000","41.8800","42.7400","41.7200"
"2016/07/08","41.4800","5261002.0000","40.7000","41.7300","40.7000"
"2016/07/07","40.0900","4606347.0000","39.3200","40.4100","39.3142"
"2016/07/06","39.3100","8217748.0000","39.1400","39.4100","37.6400"
"2016/07/05","40.2900","5207822.0000","40.8000","40.9200","39.4100"
"2016/07/01","41.3700","5091802.0000","41.0200","41.8000","40.8300"
"2016/06/30","41.0400","6052479.0000","40.7200","41.0400","40.2000"
"2016/06/29","40.5700","7373095.0000","39.1900","40.9200","39.1500"
"2016/06/28","38.9500","7820271.0000","38.8200","39.0600","38.0100"
"2016/06/27","37.7500","12912370.0000","40.6400","40.6900","37.4100"
"2016/06/24","41.0600","12309170.0000","42.6700","43.2201","41.0400"
"2016/06/23","45.1700","4909254.0000","45.7500","45.9150","44.4600"
"2016/06/22","45.0900","4815290.0000","45.0000","45.6400","44.9400"
"2016/06/21","44.8600","7747960.0000","45.0100","45.5900","44.4000"
"2016/06/20","43.4000","4427783.0000","43.0700","44.0300","43.0000"
"2016/06/17","42.6200","8183091.0000","41.9000","43.0700","41.5000"
"2016/06/16","41.8300","7695430.0000","42.2300","42.9000","41.6800"
"2016/06/15","42.8900","6334525.0000","42.5500","43.7200","42.5100"
"2016/06/14","42.0900","8161487.0000","43.9800","44.3000","41.4600"
"2016/06/13","44.0600","7127801.0000","45.5900","45.8800","43.6400"
"2016/06/10","46.0800","4206276.0000","46.0900","46.6850","45.6300"
"2016/06/09","46.7000","4648846.0000","45.5900","46.9100","45.4400"
"2016/06/08","45.6900","4874626.0000","45.9400","46.5300","45.2900"
"2016/06/07","45.8100","5862489.0000","44.5000","46.4600","44.0100"
"2016/06/06","44.5300","5251171.0000","44.2000","44.5400","43.5300"
"2016/06/03","44.3000","5640219.0000","45.0100","45.1600","43.6000"
"2016/06/02","45.1700","3355673.0000","44.9200","45.5900","44.8600"
"2016/06/01","45.2500","3982287.0000","45.2500","45.4600","44.7000"
"2016/05/31","45.0900","6080420.0000","45.1300","45.3000","44.3000"
"2016/05/27","45.1800","3618347.0000","44.5600","45.4600","44.5275"
"2016/05/26","44.5000","4891029.0000","45.2000","45.3250","44.1400"
"2016/05/25","45.1300","3650347.0000","45.1200","45.9400","45.0700"
"2016/05/24","44.9900","3703283.0000","44.4600","45.0800","44.3900"
"2016/05/23","44.2000","3744945.0000","44.5400","45.0000","44.1500"
"2016/05/20","44.4900","3281677.0000","44.3900","45.2900","44.2200"
"2016/05/19","44.0100","5576295.0000","44.7300","45.2900","43.6500"
"2016/05/18","45.2700","4480387.0000","44.9100","46.2800","44.8300"
"2016/05/17","45.0500","5917884.0000","44.3500","46.0750","44.3200"
"2016/05/16","44.5900","6078626.0000","44.3200","44.8700","43.5100"
"2016/05/13","43.8400","5765632.0000","43.7000","44.9400","43.6200"
"2016/05/12","43.7800","7911585.0000","46.0300","46.0300","43.3300"
"2016/05/11","45.8000","5069311.0000","46.7300","47.4000","45.7900"
"2016/05/10","47.0000","4796766.0000","46.0700","47.1150","45.7900"
"2016/05/09","45.7100","4615237.0000","45.8800","46.8100","45.6800"
"2016/05/06","45.7000","9246939.0000","44.8000","45.7300","44.0100"
"2016/05/05","44.9900","6036603.0000","45.6000","46.0700","44.9600"
"2016/05/04","45.5500","7183911.0000","46.7100","46.7600","45.1500"
"2016/05/03","47.1300","6726552.0000","47.0000","47.5400","46.1500"
"2016/05/02","46.6600","6624738.0000","46.6100","46.8100","45.8100"
"2016/04/29","45.8100","10239550.0000","47.8900","47.9300","45.5800"
"2016/04/28","48.0600","5661212.0000","48.8400","49.2100","47.9000"
"2016/04/27","48.9400","5208205.0000","49.0500","49.7020","48.7000"
"2016/04/26","49.1400","7545517.0000","49.7500","50.0600","48.0500"
"2016/04/25","49.3700","6852518.0000","51.0600","51.4500","49.3000"
"2016/04/22","50.7400","11325130.0000","51.2000","51.5900","50.2000"
"2016/04/21","52.7600","25279490.0000","55.3200","55.9999","51.3300"
"2016/04/20","58.6000","4103105.0000","57.9600","58.9000","57.9600"
"2016/04/19","58.0500","3551705.0000","57.1200","58.3300","57.1200"
"2016/04/18","56.9800","2407080.0000","57.7800","57.7800","56.3500"
"2016/04/15","56.9000","2847903.0000","56.9700","57.1100","56.0800"
"2016/04/14","56.7300","3794845.0000","55.8600","57.8400","55.8000"
"2016/04/13","55.5800","3789980.0000","54.4800","55.6800","54.3400"
"2016/04/12","54.0700","3392510.0000","53.8900","54.7771","53.8250"
"2016/04/11","53.7100","4584753.0000","53.3800","55.2000","53.2800"
"2016/04/08","53.0800","3548375.0000","53.6500","53.8100","52.9500"
"2016/04/07","53.1600","6754309.0000","54.5500","54.6620","52.9300"
"2016/04/06","55.1400","3224221.0000","55.6000","55.6540","54.5900"
"2016/04/05","55.5800","2727418.0000","55.4900","55.8500","55.1000"
"2016/04/04","55.8500","4611728.0000","56.5900","57.6000","55.7000"
"2016/04/01","56.7200","7398838.0000","57.4300","57.6700","56.1900"
"2016/03/31","59.8600","5744859.0000","59.9200","61.3900","59.8200"
"2016/03/30","59.8200","3399208.0000","58.9900","60.3900","58.8900"
"2016/03/29","58.6600","3215792.0000","57.7800","58.7500","57.5850"
"2016/03/28","57.9100","3395109.0000","57.9500","58.1800","57.4100"
"2016/03/24","57.8400","6621763.0000","58.7600","58.9600","57.2000"
"2016/03/23","59.7400","4020235.0000","60.4300","60.6100","59.2900"
"2016/03/22","60.4900","4465891.0000","59.5100","60.9600","59.4100"
"2016/03/21","61.1900","3629177.0000","60.3800","61.4100","60.3500"
"2016/03/18","60.4100","7374775.0000","58.9000","60.6700","58.8600"
"2016/03/17","58.8400","3279028.0000","58.7100","59.1600","58.2100"
"2016/03/16","58.7700","3670598.0000","57.6600","59.0300","57.4200"
"2016/03/15","58.0500","4729367.0000","58.5700","59.3000","57.9400"
"2016/03/14","58.9800","3942126.0000","58.0000","59.0900","57.8400"
"2016/03/11","58.3700","3119662.0000","57.9600","58.4050","57.7200"
"2016/03/10","57.2600","3509513.0000","57.6000","57.8700","56.6500"
"2016/03/09","57.4400","4755173.0000","56.7400","57.5900","56.4700"
"2016/03/08","56.3400","7848123.0000","56.3600","57.4500","55.2900"
"2016/03/07","57.6100","4919380.0000","57.5500","58.0900","56.8400"
"2016/03/04","58.0000","5764177.0000","58.6500","58.9500","57.6600"
"2016/03/03","58.3400","5188449.0000","57.9300","58.8000","57.8000"
"2016/03/02","57.9200","4849137.0000","57.9000","58.4800","57.2700"
"2016/03/01","58.4000","5216225.0000","57.6300","58.8400","57.2600"
"2016/02/29","57.2600","5605108.0000","56.3800","57.7950","56.0100"
"2016/02/26","56.5800","4498821.0000","56.8900","57.1700","56.1200"
"2016/02/25","56.8600","4655444.0000","56.4400","56.9100","55.7300"
"2016/02/24","56.2600","5594694.0000","54.8200","56.3000","54.6700"
"2016/02/23","55.4500","4317050.0000","55.0900","55.8900","54.6200"
"2016/02/22","55.4900","6657085.0000","54.1300","55.8400","53.9600"
"2016/02/19","53.8200","9733335.0000","51.7900","55.0600","51.1306"
"2016/02/18","51.9400","5571146.0000","51.0700","52.1950","50.7201"
"2016/02/17","50.6100","4214200.0000","49.4200","50.9300","49.2900"
"2016/02/16","48.8700","4593526.0000","48.7200","49.2450","47.8000"
"2016/02/12","48.3500","4097625.0000","47.2900","48.4250","46.5800"
"2016/02/11","46.9800","4926370.0000","46.5400","47.8500","46.4800"
"2016/02/10","47.7100","7833490.0000","47.4100","48.8000","47.0700"
"2016/02/09","46.4800","9299971.0000","44.9700","47.0320","44.0000"
"2016/02/08","45.6800","7691733.0000","45.9000","46.4200","45.1600"
"2016/02/05","46.8600","5164832.0000","48.4100","49.1598","46.4800"
"2016/02/04","48.4100","5709364.0000","47.1800","48.6200","47.0700"
"2016/02/03","47.5700","6489968.0000","46.6300","48.3000","45.0500"
"2016/02/02","46.4500","7114379.0000","48.2700","48.4800","46.0500"
"2016/02/01","48.8600","6719305.0000","47.7100","49.2000","47.5200"
"2016/01/29","48.2800","9056660.0000","45.3100","48.5400","45.2700"
"2016/01/28","46.1100","7770026.0000","47.9700","48.1400","45.7700"
"2016/01/27","47.7100","8125939.0000","47.7000","49.4100","47.3700"
"2016/01/26","47.2300","5600540.0000","46.8300","47.2700","46.3100"
"2016/01/25","46.4400","5578372.0000","46.9100","47.2600","46.3400"
"2016/01/22","46.7200","8287083.0000","45.9300","47.7300","45.9300"
"2016/01/21","45.3300","10285160.0000","45.1100","46.6600","44.2500"
"2016/01/20","45.1200","11768780.0000","44.7700","46.2000","42.1700"
"2016/01/19","45.1800","8455516.0000","46.5100","46.9700","44.6400"
"2016/01/15","45.6700","10923040.0000","46.4200","46.8900","44.9300"
"2016/01/14","47.8300","9801615.0000","48.3400","48.5900","45.8900"
"2016/01/13","48.0600","8040352.0000","51.1600","51.2800","47.7600"
"2016/01/12","50.8600","10054820.0000","51.6600","51.7000","49.7100"
"2016/01/11","51.6200","8443744.0000","52.2000","52.5500","50.3500"
"2016/01/08","51.8900","6361099.0000","53.6200","53.8600","51.7600"
"2016/01/07","52.6300","6094584.0000","54.4000","54.8100","52.3400"
"2016/01/06","55.2000","4902083.0000","54.2400","55.4700","54.0400"
"2016/01/05","55.0600","6845815.0000","55.9000","56.3300","54.0000"
"2016/01/04","55.6100","5693154.0000","55.7900","56.3400","54.8600"
"2015/12/31","57.3000","3515741.0000","57.2300","57.5000","56.7200"
"2015/12/30","57.5100","3181955.0000","59.2800","59.3000","57.4500"
"2015/12/29","59.3000","2317853.0000","59.1700","59.7400","58.7400"
"2015/12/28","59.0100","2521366.0000","59.7900","60.2000","58.6700"
"2015/12/24","59.7800","3015034.0000","58.3500","60.4400","58.3500"
"2015/12/23","58.3500","3381814.0000","58.0200","58.5700","57.1100"
"2015/12/22","58.0000","3921159.0000","58.2800","58.3600","56.6500"
"2015/12/21","58.0500","3303500.0000","57.4200","58.3200","57.2700"
"2015/12/18","56.9200","4981486.0000","57.3200","58.2200","56.7200"
"2015/12/17","57.3200","3997215.0000","58.8600","59.6500","57.3000"
"2015/12/16","58.8700","4184076.0000","58.2600","59.1500","57.0600"
"2015/12/15","57.9000","3675557.0000","57.8300","58.4800","57.5100"
"2015/12/14","57.3000","5686717.0000","57.3700","57.7400","55.3342"
"2015/12/11","57.0300","5041568.0000","58.1800","58.7600","56.9100"
"2015/12/10","59.5300","5095629.0000","58.1000","60.1800","57.6100"
"2015/12/09","57.8600","5138868.0000","58.7000","59.8800","57.1500"
"2015/12/08","58.6500","4667668.0000","59.6700","60.5100","58.0500"
"2015/12/07","60.5200","6910907.0000","59.9550","61.4900","59.7450"
"2015/12/04","58.9400","5126061.0000","57.5600","59.0900","57.5200"
"2015/12/03","56.7400","4111102.0000","57.9100","58.2300","56.5600"
"2015/12/02","57.9100","5345002.0000","58.0000","59.3400","57.6150"
"2015/12/01","56.9900","3964918.0000","55.6800","57.1100","55.5300"
"2015/11/30","55.7300","4982084.0000","56.8200","57.2000","55.5800"
"2015/11/27","56.8200","1638547.0000","56.4000","57.4600","56.2600"
"2015/11/25","56.2200","4622353.0000","57.0800","57.2100","55.9300"
"2015/11/24","56.8000","7247529.0000","57.0900","57.2400","56.0700"
"2015/11/23","58.5600","2607020.0000","58.8500","59.2300","58.3400"
"2015/11/20","58.8100","3553962.0000","58.4900","59.2900","58.3600"
"2015/11/19","58.5000","3475605.0000","58.0900","59.3000","57.8000"
"2015/11/18","57.7100","4658813.0000","57.4900","58.2600","56.5100"
"2015/11/17","57.3800","4412762.0000","58.3000","59.2900","57.0200"
"2015/11/16","58.0800","6031700.0000","57.3700","58.2100","57.0600"
"2015/11/13","58.8000","3069008.0000","59.1000","59.5700","58.4400"
"2015/11/12","59.2500","2703335.0000","59.0000","60.1100","59.0000"
"2015/11/11","59.6400","2248392.0000","60.2600","60.4400","59.5800"
"2015/11/10","60.0600","2659654.0000","60.1800","60.8500","59.0300"
"2015/11/09","60.1500","3469607.0000","61.1600","61.4200","59.6700"
"2015/11/06","61.4900","6540712.0000","60.1800","61.7500","60.0200"
"2015/11/05","60.3000","4623518.0000","60.5100","60.9800","60.1850"
"2015/11/04","60.2900","6036173.0000","60.5400","60.9300","59.6900"
"2015/11/03","60.8400","4883349.0000","61.0000","61.3400","60.0100"
"2015/11/02","60.6000","4011960.0000","60.6100","61.2900","60.4400"
"2015/10/30","60.3100","5520397.0000","60.0700","61.8700","59.9700"
"2015/10/29","60.2500","4301864.0000","59.1300","60.7200","58.6000"
"2015/10/28","59.5500","5822899.0000","60.8500","60.9700","58.7000"
"2015/10/27","60.9400","5981591.0000","60.7200","61.8000","60.4736"
"2015/10/26","61.0200","6016832.0000","59.4200","61.2000","59.1501"
"2015/10/23","59.6800","12308610.0000","57.1900","59.8000","57.1800"
"2015/10/22","56.0500","7526388.0000","55.0900","56.4400","54.1410"
"2015/10/21","54.5500","7458239.0000","55.6500","55.8500","54.2000"
"2015/10/20","55.7500","7306260.0000","56.8500","57.0700","55.4500"
"2015/10/19","56.7500","6564169.0000","55.9000","57.0100","55.8400"
"2015/10/16","55.9700","14541310.0000","57.8900","57.9800","55.0500"
"2015/10/15","57.7600","4181829.0000","57.7900","58.0800","56.7200"
"2015/10/14","57.5100","5907446.0000","57.8700","58.7500","56.4000"
"2015/10/13","57.3000","6222984.0000","57.1200","57.7600","56.4300"
"2015/10/12","57.8000","6113623.0000","56.1000","58.0400","55.9000"
"2015/10/09","55.7100","11375400.0000","53.9200","56.1000","53.4200"
"2015/10/08","52.2600","5006758.0000","51.2500","52.4300","50.5000"
"2015/10/07","51.5800","7080466.0000","51.0400","51.6500","49.7600"
"2015/10/06","50.7800","7744548.0000","53.2400","53.5500","50.5200"
"2015/10/05","53.3300","5816810.0000","52.0300","53.6300","51.6500"
"2015/10/02","51.7600","6714798.0000","52.3400","52.3800","50.9505"
"2015/10/01","53.0000","5931050.0000","52.9500","53.1700","52.0000"
"2015/09/30","53.0500","6347009.0000","52.8800","53.4776","52.2400"
"2015/09/29","52.4600","6262639.0000","53.8300","54.0250","52.1100"
"2015/09/28","53.7200","5522181.0000","55.2100","55.2400","53.0400"
"2015/09/25","55.4200","6322843.0000","56.9900","56.9900","54.9500"
"2015/09/24","56.3300","5748851.0000","57.5800","57.6600","55.7700"
"2015/09/23","58.1700","4215477.0000","58.5200","58.8900","57.2900"
"2015/09/22","58.2400","5477114.0000","59.9500","60.2200","58.0100"
"2015/09/21","60.4500","5240055.0000","60.3600","61.2400","59.5900"
"2015/09/18","60.3100","7125600.0000","60.8400","61.3500","60.0300"
"2015/09/17","61.5600","16268810.0000","58.1900","62.2100","58.0800"
"2015/09/16","57.9500","5151770.0000","57.0300","57.9900","56.7600"
"2015/09/15","57.2800","5310010.0000","57.4900","57.7000","56.8500"
"2015/09/14","57.4500","4652076.0000","56.8900","57.4600","56.4200"
"2015/09/11","56.8300","4027102.0000","56.7700","57.4700","56.3400"
"2015/09/10","56.9000","6500775.0000","57.9600","58.3600","56.6000"
"2015/09/09","57.6700","9040968.0000","57.0000","58.9300","56.8700"
"2015/09/08","57.5100","7075190.0000","57.7400","58.0050","56.9100"
"2015/09/04","56.6900","6099658.0000","56.8000","57.7000","56.3100"
"2015/09/03","57.2500","9954618.0000","57.5300","58.1400","57.0450"
"2015/09/02","57.2900","67814560.0000","57.8900","58.0900","56.7200"
"2015/09/01","57.1300","12667820.0000","56.0100","57.3800","55.8000"
"2015/08/31","56.9700","10556930.0000","57.1800","58.0400","56.8800"
"2015/08/28","57.1200","19988840.0000","56.5200","57.3500","55.7800"
"2015/08/27","53.3600","5702900.0000","54.3800","54.7300","52.3300"
"2015/08/26","53.9500","4990405.0000","53.3700","54.2200","51.6200"
"2015/08/25","52.1000","4588744.0000","54.3700","54.9400","52.1000"
"2015/08/24","52.3300","7089234.0000","50.7600","54.9800","49.2000"
"2015/08/21","55.0900","6280949.0000","55.9200","56.6750","54.9600"
"2015/08/20","56.5900","4128392.0000","57.5900","57.6600","56.5200"
"2015/08/19","58.2300","3824766.0000","58.2600","59.0300","57.8700"
"2015/08/18","58.5100","3833805.0000","59.4500","60.1200","58.1100"
"2015/08/17","59.6000","3864960.0000","58.4900","59.9321","58.0000"
"2015/08/14","58.5300","2391773.0000","57.9700","58.8600","57.8460"
"2015/08/13","58.3500","3319189.0000","57.6500","58.5900","57.1800"
"2015/08/12","57.4100","4825855.0000","57.6000","57.7400","55.0700"
"2015/08/11","57.8700","4419842.0000","57.2200","59.1400","57.2200"
"2015/08/10","57.1500","3073765.0000","57.4200","58.0100","56.9000"
"2015/08/07","56.7400","3489900.0000","57.2500","57.6300","56.6100"
"2015/08/06","57.5100","3748941.0000","58.4100","58.9600","56.9500"
"2015/08/05","58.1100","4580203.0000","59.4100","59.5000","58.0500"
"2015/08/04","58.9500","4784275.0000","59.1900","59.8500","58.2100"
"2015/08/03","58.3200","5239282.0000","56.8600","58.8900","56.6900"
"2015/07/31","56.3900","3470280.0000","56.6600","56.9000","56.3600"
"2015/07/30","56.8400","3153719.0000","57.0900","57.3100","56.5500"
"2015/07/29","57.2100","4746274.0000","58.1000","58.4200","56.8000"
"2015/07/28","58.4200","6206320.0000","57.0800","58.9100","56.7500"
"2015/07/27","56.8100","5798927.0000","56.0500","57.2400","55.2500"
"2015/07/24","56.4900","9156967.0000","57.7800","58.5000","56.4400"
"2015/07/23","56.6700","10247730.0000","58.7200","60.0000","56.1600"
"2015/07/22","57.0700","9275422.0000","55.8100","57.4100","55.7900"
"2015/07/21","55.9700","4023815.0000","55.2000","56.3000","55.2000"
"2015/07/20","55.3500","3425435.0000","55.6900","56.1000","54.8100"
"2015/07/17","55.3900","5885949.0000","55.2300","56.7000","55.0300"
"2015/07/16","54.9800","5433397.0000","55.8800","56.4400","54.9800"
"2015/07/15","55.5000","6025118.0000","54.9200","56.2200","53.9000"
"2015/07/14","55.7300","4486471.0000","55.9600","56.4900","55.2100"
"2015/07/13","56.3900","4241506.0000","56.9100","57.3900","56.1000"
"2015/07/10","55.5100","5922522.0000","54.6900","55.6900","54.6000"
"2015/07/09","53.2600","3435913.0000","53.4600","54.1200","53.0600"
"2015/07/08","52.8200","4619129.0000","53.4400","53.7200","52.2500"
"2015/07/07","54.3100","6626965.0000","53.9900","54.4900","52.5400"
"2015/07/06","53.8500","6368900.0000","52.0500","53.9500","52.0500"
"2015/07/02","51.5000","5318684.0000","51.8800","52.5100","50.9800"
"2015/07/01","51.6900","13075270.0000","54.0500","54.1400","50.1000"
"2015/06/30","53.0100","4621937.0000","53.4000","54.2800","52.9900"
"2015/06/29","52.8100","5255533.0000","53.8500","54.8900","52.5100"
"2015/06/26","54.4800","4117595.0000","55.0900","55.4000","54.1900"
"2015/06/25","54.9400","4176054.0000","54.9000","55.4000","54.3700"
"2015/06/24","54.4600","3973703.0000","55.1200","55.8500","54.3001"
"2015/06/23","55.2300","5349391.0000","55.8400","56.2700","54.7000"
"2015/06/22","54.8000","6785649.0000","54.5800","55.1800","53.8400"
"2015/06/19","53.2500","5656164.0000","52.6400","53.9600","52.4000"
"2015/06/18","52.0100","4268730.0000","51.4300","52.0750","51.0100"
"2015/06/17","51.3200","3712256.0000","51.2000","51.8350","50.6900"
"2015/06/16","51.2300","4766814.0000","52.2500","52.5600","50.8500"
"2015/06/15","52.2500","3199372.0000","52.4900","53.0100","51.8700"
"2015/06/12","52.8700","4098333.0000","52.0000","53.3700","52.0000"
"2015/06/11","52.5000","3370897.0000","52.9100","53.5300","52.3300"
"2015/06/10","52.4200","6405829.0000","52.3200","53.0999","51.4700"
"2015/06/09","52.5800","12211070.0000","50.3500","52.9000","49.8500"
"2015/06/08","51.7300","9230405.0000","53.4800","53.6000","51.0300"
"2015/06/05","54.0900","4858866.0000","54.6200","54.9400","53.8300"
"2015/06/04","54.5700","7130928.0000","55.5000","56.3700","53.9900"
"2015/06/03","55.8700","3666960.0000","56.1900","56.3900","55.3100"
"2015/06/02","55.9500","6719586.0000","55.1200","56.3700","54.3600"
"2015/06/01","56.3100","9486976.0000","54.7600","56.8900","54.0700"
"2015/05/29","54.5900","7295228.0000","53.5600","54.7950","52.8000"
"2015/05/28","53.4900","4948877.0000","53.7000","54.1700","53.2800"
"2015/05/27","53.7000","6443482.0000","52.3700","54.0000","52.2500"
"2015/05/26","51.9200","11235360.0000","54.1000","54.1000","51.6800"
"2015/05/22","53.6900","6738628.0000","54.4200","54.6300","53.1100"
"2015/05/21","54.1300","10720400.0000","54.6000","55.3700","54.0800"
"2015/05/20","54.5400","22698060.0000","60.5700","60.5800","54.2200"
"2015/05/19","60.8100","4842055.0000","62.7400","63.2200","60.7154"
"2015/05/18","62.2500","4207314.0000","61.6300","62.2800","61.3900"
"2015/05/15","61.6000","2803505.0000","62.2100","62.5800","61.4000"
"2015/05/14","61.7500","3722928.0000","61.6000","62.1600","61.1700"
"2015/05/13","61.2300","4511070.0000","62.4500","63.4500","61.0600"
"2015/05/12","61.8600","4354563.0000","62.2500","62.3500","61.4900"
"2015/05/11","62.9500","2719449.0000","62.7000","63.6400","62.1600"
"2015/05/08","62.4400","4828998.0000","62.2400","63.9000","62.0700"
"2015/05/07","62.5200","7858006.0000","59.8100","62.7900","59.8100"
"2015/05/06","59.4400","4304246.0000","59.1100","59.9899","57.7000"
"2015/05/05","59.2300","3616967.0000","59.9100","60.4800","58.9300"
"2015/05/04","60.9200","3762044.0000","61.9400","62.1800","60.5900"
"2015/05/01","61.4000","4488896.0000","60.3400","61.9600","59.9200"
"2015/04/30","59.7400","7179945.0000","59.9000","61.2900","59.3300"
"2015/04/29","59.8700","7502855.0000","61.0000","61.2700","57.9500"
"2015/04/28","61.4200","4211943.0000","61.8000","61.9500","59.9300"
"2015/04/27","61.9800","4915649.0000","62.9400","63.4650","61.7430"
"2015/04/24","63.5100","8820514.0000","63.4400","64.9500","63.4000"
"2015/04/23","62.8000","8683414.0000","62.7400","64.0990","62.3101"
"2015/04/22","64.0200","6282657.0000","63.8000","64.2400","62.9000"
"2015/04/21","63.7000","5715792.0000","62.7000","63.9200","62.0800"
"2015/04/20","62.4000","4736666.0000","62.0000","62.5000","61.0600"
"2015/04/17","61.4900","4090282.0000","61.6900","62.5500","61.4300"
"2015/04/16","62.2000","4452497.0000","60.9500","62.9400","60.7200"
"2015/04/15","60.9900","6009842.0000","61.6500","61.9900","60.3500"
"2015/04/14","60.2500","4807581.0000","60.4900","61.0000","59.6400"
"2015/04/13","61.0100","4809329.0000","60.5700","62.0000","60.4000"
"2015/04/10","61.0500","3730833.0000","61.2900","62.1600","61.0000"
"2015/04/09","61.1600","8904043.0000","62.2600","62.9150","60.5600"
"2015/04/08","60.5500","6791278.0000","59.8500","61.0000","59.7000"
"2015/04/07","59.5700","4869691.0000","60.5800","61.4200","59.2900"
"2015/04/06","60.1200","8067617.0000","60.6400","61.1799","59.4700"
"2015/04/02","61.8800","7557735.0000","64.2400","64.5400","61.7300"
"2015/04/01","64.0100","7427637.0000","65.0600","65.8500","63.7500"
"2015/03/31","67.2500","3272414.0000","67.9500","68.1000","66.7700"
"2015/03/30","68.1900","3393188.0000","68.2500","68.7500","67.5800"
